1;John;Higgins;f;2021-01-13
2;Christina;Williams;f;2021-11-17
3;Frank;Mueller;f;1964-07-24
4;Cheryl;Martinez;m;1952-08-31
5;Chris;Morse;f;2020-08-17
6;John;Griffin;f;1934-01-22
7;Debra;Gallegos;m;1939-10-18
8;Brandon;Vang;m;1975-01-24
9;Casey;Woodward;m;1926-01-03
10;David;Moody;f;1914-05-21
11;Christine;Ellis;m;2007-10-10
12;Caitlin;Hughes;m;1920-01-17
13;Henry;Payne;m;1913-01-06
14;Ronnie;Schaefer;m;1925-10-08
15;Loretta;Willis;f;1996-07-06
16;Laurie;Taylor;f;2016-10-31
17;Vanessa;Levine;m;1921-04-07
18;Nicholas;Anderson;m;1957-09-27
19;Jake;Boyd;m;1976-07-22
20;Nicholas;Jimenez;f;2005-10-20
21;Bethany;Brown;m;1925-01-21
22;Sheena;Freeman;m;2023-08-18
23;Amy;Young;m;1912-07-23
24;Diane;Barnett;m;1911-07-07
25;William;Hall;f;1923-06-24
26;Sherri;Davis;m;1935-07-18
27;Caitlin;Madden;m;1937-08-16
28;Natalie;Foster;f;1918-12-05
29;Michael;Gomez;f;1916-05-06
30;Teresa;Moses;f;2004-05-25
31;Christopher;Wilson;f;2011-08-16
32;Billy;Phillips;m;1978-01-23
33;Brian;Whitney;m;1981-09-21
34;Michael;Boyer;m;1962-11-01
35;Curtis;Duarte;m;1987-07-10
36;Danielle;Ward;m;1988-01-09
37;Andrew;Kim;f;1946-03-04
38;Nathaniel;Yu;m;1938-04-04
39;Ricky;Woods;m;2012-07-15
40;Brandi;Robinson;m;1923-10-18
41;Heidi;Brown;m;1997-07-21
42;Brad;Copeland;m;1937-05-21
43;Lisa;Hamilton;m;1942-08-02
44;Jacqueline;Russell;m;2009-03-16
45;Justin;Barnes;f;1962-11-26
46;Tracy;Flores;m;1912-02-22
47;Jeffrey;Hahn;f;1953-09-01
48;Destiny;Long;f;1954-02-07
49;Laura;Olson;m;2004-03-12
50;Kimberly;Dunn;f;1935-06-15
51;John;Page;m;2010-03-18
52;Brandon;Murphy;m;1922-01-11
53;Alexandra;Combs;m;1924-12-06
54;Isabel;Rivera;m;2017-05-22
55;Toni;Rowe;m;1922-12-07
56;Courtney;Levy;f;1933-12-19
57;Sarah;George;m;2022-07-08
58;Leah;Larson;m;1922-05-22
59;James;Callahan;m;1917-01-04
60;Joseph;Hall;f;1982-05-31
61;Christopher;Brown;m;1978-03-24
62;Phillip;Sullivan;f;2006-07-27
63;James;Johnson;f;1952-12-04
64;Ralph;Bryan;f;1955-03-27
65;James;Rodriguez;f;1968-04-01
66;Henry;Smith;m;1971-11-06
67;Veronica;Mcmahon;f;1923-12-08
68;Jimmy;Pierce;f;1939-05-24
69;Vincent;Pacheco;m;1956-01-14
70;Latoya;Carey;f;2013-09-22
71;Kimberly;Alexander;m;1999-01-05
72;Stephanie;Davis;m;1951-11-04
73;Charles;Patton;m;1959-07-01
74;Brian;Hall;m;1929-03-09
75;Kyle;Davis;f;2012-05-18
76;Olivia;Hurley;f;1990-12-12
77;Caitlin;Welch;m;1969-12-27
78;Justin;Pena;m;1978-02-23
79;Randy;Rogers;m;1932-06-10
80;Andrea;Wood;m;1949-10-14
81;Amber;Gibson;m;1998-07-08
82;Alicia;Brown;m;2013-01-02
83;Justin;Anderson;f;2005-05-28
84;Crystal;Perkins;f;1939-10-19
85;Courtney;Diaz;f;2009-06-14
86;Sharon;Taylor;f;2000-09-09
87;Stephanie;Solis;m;2018-09-06
88;Rhonda;Griffith;m;1972-11-04
89;David;Henderson;m;1917-02-28
90;Penny;Meadows;f;2013-03-21
91;Deborah;Roberts;f;1991-02-13
92;Matthew;Wilson;f;1995-12-08
93;Calvin;Anderson;m;1930-08-04
94;Maria;Delgado;m;1912-08-07
95;Steve;Williams;m;2007-09-04
96;Micheal;Herman;m;1931-10-28
97;Tammy;Brown;f;1996-11-15
98;Andrew;Bell;f;1915-03-29
99;David;Mann;f;1926-07-30
100;John;Moore;f;1966-03-07
101;Mandy;Padilla;f;1950-11-06
102;Kristi;Cannon;f;1958-02-27
103;Nathan;Olsen;m;1990-09-25
104;Edward;Garza;f;1936-08-19
105;Kara;Johnson;m;1974-11-20
106;Heather;Carter;f;2004-02-03
107;Erika;Hill;m;1946-11-30
108;Suzanne;Hurley;m;1913-10-27
109;Harry;Powers;f;1982-09-02
110;Mary;Phillips;m;2017-12-09
111;Lorraine;Cabrera;f;1927-10-23
112;Jeremy;Taylor;m;1984-03-02
113;Linda;Lester;m;1953-08-17
114;Susan;Barron;f;1929-08-29
115;Katie;Thomas;m;1958-11-28
116;Jerry;Holt;m;1933-11-03
117;Karla;Smith;m;1961-03-31
118;Crystal;Brown;m;1946-06-23
119;Joseph;Tran;m;1985-10-16
120;Susan;Hawkins;m;1974-01-01
121;Patricia;Smith;m;1974-04-17
122;Daniel;Phillips;f;1955-08-07
123;Robin;Mills;f;2000-09-04
124;Michelle;Espinoza;m;1952-04-08
125;Craig;Smith;f;2005-08-26
126;Gregory;Oconnor;m;1912-02-19
127;Paula;Weber;f;1986-06-20
128;Danielle;Velazquez;m;1960-01-02
129;Raymond;Phillips;m;1939-06-16
130;Beverly;Lewis;f;1997-01-24
131;Jacqueline;Ross;m;1966-01-12
132;Gregory;Richmond;f;2002-08-15
133;Brittany;Peterson;f;2019-08-11
134;William;Smith;f;2006-12-24
135;Connie;King;m;1978-10-27
136;Mark;Anderson;m;1996-11-16
137;Melissa;Nichols;f;2010-01-30
138;Barbara;Harris;m;1987-08-31
139;Hunter;Stephens;m;1915-08-27
140;Jacob;Sullivan;f;1949-01-14
141;Kelly;Cummings;m;1941-01-11
142;Sarah;Lee;m;1974-06-25
143;Robert;Jensen;m;1937-04-03
144;Alexa;Walker;f;2023-05-16
145;Alexander;Jackson;f;1926-02-19
146;Paul;Carlson;f;1939-11-17
147;Noah;Hughes;f;1999-10-21
148;Whitney;Mcclain;m;1929-10-19
149;Thomas;Wang;f;1989-08-20
150;Jessica;Price;m;1974-09-04
151;Austin;Evans;m;1992-12-21
152;John;Oneill;m;1991-07-24
153;Shelley;Werner;m;1914-04-26
154;Sara;Watson;f;1963-12-29
155;Michael;Brown;f;1941-11-20
156;Kaitlin;Brown;m;1971-03-06
157;Stephanie;English;m;1926-05-21
158;Lucas;Rodgers;f;1969-07-29
159;Brandon;Reed;f;1990-07-04
160;Francisco;Martinez;m;1966-02-17
161;Thomas;Elliott;m;1982-07-15
162;Hailey;Allen;m;1928-03-08
163;Emily;Brown;f;1938-10-08
164;Ryan;Mathews;f;1999-04-30
165;John;Hernandez;m;1924-07-25
166;Robert;Ray;f;1979-10-14
167;Michael;Todd;f;1909-07-18
168;Melissa;Villarreal;f;1970-09-21
169;Mary;Payne;m;1974-05-31
170;Stacy;Kelly;m;1958-08-18
171;Sheila;Shaw;f;1959-03-15
172;Ian;Adams;m;1938-03-10
173;James;Carlson;f;1956-11-19
174;James;Oconnor;m;2014-12-31
175;Alan;Jones;f;1953-02-20
176;Annette;Davis;f;1996-01-11
177;Julie;Charles;f;1989-10-07
178;Sandra;Collins;m;1979-09-28
179;Danielle;Strickland;m;1964-06-29
180;Shaun;Allen;m;1998-07-14
181;Sean;Lozano;f;2017-07-24
182;John;Campbell;m;1932-10-20
183;Steven;Hernandez;f;2018-10-04
184;Becky;Sharp;m;1957-10-13
185;Emily;Benton;f;1986-01-18
186;Richard;Walls;m;2023-07-03
187;Taylor;Andrade;m;2000-03-26
188;Matthew;Washington;f;1926-01-23
189;Tiffany;Wilson;m;1944-08-08
190;Heather;Harris;m;1958-07-15
191;Alexander;Vazquez;m;1914-05-19
192;Angela;Davila;f;2012-03-06
193;Brittany;Thomas;f;2010-10-03
194;Mark;Joseph;m;1954-08-16
195;John;Jones;m;1909-06-21
196;Andrew;Sweeney;f;1954-06-03
197;Anthony;Austin;f;1992-07-14
198;Michelle;Vincent;f;1917-07-22
199;Kristin;Burton;m;1915-05-15
200;Cesar;Grant;f;1930-10-22
201;Danielle;Jones;m;1955-10-19
202;Theresa;Jacobson;f;1953-12-12
203;Vincent;Conway;m;1943-11-25
204;Renee;Sullivan;m;1968-05-30
205;Matthew;Morris;f;1939-10-01
206;Amber;Cabrera;f;1935-09-15
207;Christopher;Lam;m;2003-04-12
208;Brandon;Moore;m;1936-07-21
209;Amy;Hopkins;m;1930-08-29
210;Laurie;Cuevas;m;1941-09-04
211;Kevin;Flores;f;1949-06-16
212;Kaitlin;Rodriguez;m;1965-11-23
213;Lauren;Norris;m;1948-08-24
214;Danielle;Johnson;f;1968-02-02
215;Jill;Jones;m;1996-04-18
216;Timothy;Potter;f;1941-07-17
217;Olivia;Nelson;f;2012-03-09
218;Karen;Webster;f;1922-11-08
219;Linda;Harper;m;1938-09-08
220;Erin;Rice;f;1981-08-24
221;Kelly;Ellison;m;1994-03-16
222;Jeremy;Mccoy;f;1911-07-06
223;Tommy;Richardson;f;1975-07-03
224;Russell;Hale;f;1930-05-24
225;Peter;Hoffman;f;2023-03-15
226;Jesse;Smith;m;1918-12-05
227;Savannah;Valdez;m;1954-04-13
228;Ronald;Church;f;1946-11-06
229;Kyle;Kennedy;m;1962-11-03
230;Katherine;Davis;f;1936-11-06
231;Adam;Santos;f;1958-04-13
232;Patrick;Brown;f;1957-09-26
233;Jessica;Chang;f;2022-07-09
234;David;Lawrence;m;2005-02-27
235;Tara;House;f;1943-01-29
236;Brandon;Pittman;f;1972-08-23
237;Sarah;Morgan;f;2022-09-13
238;Jasmine;Jarvis;f;1914-01-02
239;Brent;Brown;m;1933-08-05
240;Carrie;Hart;f;1909-11-04
241;Monique;Chambers;m;1961-08-28
242;Mark;Castaneda;f;2002-08-15
243;Anthony;Morris;f;1914-04-29
244;Michael;Erickson;m;2011-11-10
245;Rachel;Everett;m;1970-01-31
246;Brianna;Henry;m;1924-07-07
247;Austin;Rangel;m;1997-07-01
248;Matthew;Davis;f;2009-02-19
249;Thomas;Richmond;f;1996-03-02
250;Melvin;Alexander;m;1975-07-02
251;Kathy;Blanchard;f;1939-03-11
252;Ryan;Tucker;f;1977-09-15
253;Theresa;Wilkins;m;1997-03-31
254;Madison;Moss;m;1999-01-18
255;Cody;Wilson;f;1921-05-08
256;Joanne;Scott;m;2014-09-09
257;Kelly;Jones;f;1957-04-16
258;Robert;Hardy;f;1953-03-23
259;Patricia;Richardson;m;1961-07-16
260;Zachary;Ward;f;2007-05-18
261;Michelle;Schmidt;m;1922-02-23
262;Kayla;Hughes;m;1911-11-12
263;Darrell;Rosales;f;1987-06-04
264;Karen;Villegas;m;1918-01-04
265;Nancy;Morales;f;1925-11-16
266;Jacob;Lloyd;m;1908-04-06
267;Anthony;Gentry;m;1990-05-22
268;Nancy;Ortiz;m;1954-12-13
269;Christopher;Jackson;f;1993-04-15
270;Catherine;Diaz;f;2020-10-29
271;Julie;Ramirez;f;1937-12-31
272;Zachary;Stanley;f;1977-09-22
273;Johnny;Lang;f;1949-07-20
274;Lisa;Cruz;m;1929-05-09
275;Michele;Barton;f;1926-04-07
276;Scott;Reyes;f;2023-04-02
277;Tim;Fowler;f;1917-10-14
278;David;Walker;m;1957-11-24
279;Shari;Daniel;f;1929-08-16
280;Ian;Hill;f;1950-08-07
281;Melissa;Hall;f;1924-05-11
282;Jackie;Sullivan;m;1956-07-28
283;Sara;Allen;m;2019-08-19
284;Phyllis;White;f;1996-12-12
285;April;Ryan;f;1922-11-20
286;Jo;Torres;f;2002-01-16
287;Jessica;Sampson;m;1954-09-04
288;Michael;Davila;f;1987-12-05
289;John;Williams;f;2021-06-23
290;Cynthia;Boone;m;1995-07-16
291;Mark;Harrison;f;1973-02-12
292;David;Roberts;f;2023-12-23
293;Shawna;Stevens;m;1931-08-20
294;Travis;Smith;f;2015-07-08
295;Melissa;Robinson;m;1952-03-02
296;Gregory;Smith;m;1936-04-27
297;Mitchell;Macdonald;m;1964-04-21
298;Heather;Branch;f;2017-07-09
299;Joseph;Rodriguez;m;1952-11-11
300;Nina;Johnston;m;1934-06-07
301;Savannah;Torres;m;1928-09-04
302;Joshua;Alvarez;f;2023-08-19
303;Jared;Moore;m;1958-01-12
304;Cynthia;Ford;m;1976-05-02
305;Meghan;Lowe;m;1911-03-08
306;Mary;Collins;m;1934-05-07
307;Julie;Harrington;f;2015-01-23
308;Darren;Dominguez;f;2007-09-22
309;Dylan;Carter;m;1976-06-09
310;Richard;Stone;f;1908-05-03
311;Jennifer;Martin;f;1947-07-14
312;Scott;Cobb;f;1974-07-20
313;Jamie;Chang;f;2001-06-09
314;Krystal;Gomez;m;1996-12-04
315;Jesse;Cunningham;f;1961-06-14
316;Christina;Jenkins;m;1963-05-10
317;Omar;Werner;m;1981-04-16
318;Michael;Gibson;m;1956-02-22
319;Brandy;Buchanan;m;1923-08-09
320;Lisa;Williams;f;2023-09-07
321;Douglas;Huffman;f;1998-04-16
322;Jeffrey;Edwards;m;1954-02-13
323;Stephanie;Smith;m;2008-05-09
324;Laura;Leonard;f;1941-11-02
325;Tiffany;Robles;m;1959-07-11
326;Jeremy;Torres;m;1957-04-10
327;Lisa;Fuller;f;1990-11-10
328;Tiffany;Floyd;f;1929-08-29
329;Jared;Martinez;f;1921-10-09
330;Daniel;Carroll;m;2008-04-14
331;Joel;Whitehead;f;1949-10-02
332;Brenda;Stewart;f;1997-07-23
333;Darren;Taylor;m;1982-05-19
334;Patricia;Benjamin;f;1986-12-03
335;Zachary;Wagner;f;1946-02-16
336;Andrea;Steele;f;1968-09-22
337;Natalie;Rojas;f;1923-01-14
338;Linda;Campbell;f;2011-10-05
339;Charles;Velez;m;2015-08-05
340;Earl;Harris;f;1994-05-15
341;Nathan;Patterson;m;1984-07-04
342;Paige;Hess;f;1953-11-26
343;Justin;Jackson;f;1931-05-21
344;Randy;House;f;1966-12-06
345;Roger;Robertson;m;1949-10-29
346;Bonnie;Howe;f;1951-05-28
347;Alexandra;Henderson;m;1992-05-28
348;Kimberly;Melton;f;1984-12-25
349;Alexis;Carter;f;1945-12-06
350;Tanya;Diaz;f;1929-11-24
351;Elizabeth;Miller;f;1963-05-14
352;Robert;French;f;1988-02-23
353;Steven;Gentry;f;1996-08-17
354;Christopher;Armstrong;f;1973-07-11
355;Gary;Williamson;f;1954-08-15
356;Melinda;Morrison;f;1931-08-24
357;Sandra;Salazar;f;1983-04-26
358;Amy;Jenkins;f;2016-07-04
359;Michael;Ayers;m;1928-08-25
360;Cory;Chaney;m;1915-08-17
361;Theresa;Gray;f;1993-05-31
362;Peter;Lopez;m;1934-12-11
363;Felicia;Fox;m;1997-11-15
364;Elizabeth;Richardson;f;1990-02-09
365;Michael;Nelson;m;1972-01-29
366;Jimmy;Johnson;m;1951-08-10
367;Daniel;Miller;f;1972-10-30
368;Kenneth;Logan;f;2013-08-15
369;David;Wood;f;1916-07-20
370;Nathan;Hansen;m;1971-12-07
371;Laura;Brown;m;2022-07-18
372;Thomas;Turner;f;1909-12-08
373;Krista;Sullivan;m;2003-06-05
374;Debra;Espinoza;f;1985-11-29
375;Jocelyn;Stewart;f;1968-02-26
376;Jacqueline;Gordon;f;1964-03-14
377;Mario;Kelly;m;1949-12-08
378;Jeffrey;Garcia;f;1964-08-17
379;Kathleen;Moore;m;1953-05-28
380;Reginald;Thornton;f;1963-04-06
381;Shawn;Martinez;f;1983-02-18
382;Jodi;Hodge;f;1991-05-30
383;John;Johnson;f;1919-02-03
384;Mark;Higgins;f;2000-05-20
385;Crystal;White;f;1933-11-04
386;Joseph;Jacobs;f;1982-06-24
387;Victoria;Gardner;f;1931-02-09
388;Christopher;Brown;f;1959-12-30
389;Rebekah;Vargas;f;2005-01-09
390;Todd;Pena;f;2002-08-06
391;Marcus;Holmes;m;1951-09-18
392;Brandon;Williams;f;1966-12-20
393;John;Jenkins;m;1973-07-30
394;Steven;Nelson;m;1952-12-04
395;Michael;Brown;m;1932-01-09
396;Anna;Webb;m;1927-10-14
397;David;Burns;f;2018-07-31
398;Brandon;Kerr;m;1928-09-07
399;Jeremy;Kim;m;1919-12-05
400;Jessica;Stewart;m;1990-11-13
401;Meredith;Cuevas;f;1983-07-18
402;Steven;Contreras;m;2014-04-10
403;Kevin;Foster;f;1913-12-18
404;William;Kelly;f;2009-11-14
405;John;Townsend;m;1998-05-23
406;Brandon;Moreno;f;2008-07-23
407;Jo;Larsen;f;1995-09-25
408;Timothy;Taylor;f;1910-09-23
409;Jennifer;Arias;f;1930-06-11
410;Andrew;Williams;f;1948-11-29
411;Erik;Rodriguez;f;1946-08-31
412;Ashley;Perez;f;1955-06-21
413;Steven;Lozano;f;1910-04-04
414;Jacob;Moore;f;1985-09-03
415;Steven;Lee;m;1970-02-13
416;Tara;Bennett;f;1975-11-13
417;Brian;Tate;m;1940-06-28
418;Courtney;Bass;f;1974-04-07
419;Samuel;Reed;m;2019-12-22
420;Stephen;Clark;m;1969-06-19
421;Jeffery;Dickerson;m;1936-10-23
422;Lucas;Ball;m;1987-11-01
423;Michelle;Harrison;m;1957-12-14
424;Christopher;Erickson;m;1931-10-13
425;Robert;Jones;f;1999-07-24
426;Kelly;Dorsey;m;1973-01-06
427;Wendy;Bailey;f;1942-04-14
428;Miguel;Foley;f;1979-06-07
429;Jeffrey;Carroll;f;1929-03-12
430;Samantha;Little;m;1985-11-16
431;Kimberly;Jones;m;1941-04-10
432;Cindy;Thomas;m;1979-08-30
433;Manuel;Gilbert;m;1928-02-07
434;Sara;Colon;m;1967-05-30
435;Kim;Weiss;m;1945-10-19
436;Donna;Lozano;f;2013-06-30
437;Micheal;Welch;f;1912-10-22
438;Andrea;Molina;m;1935-07-29
439;Victoria;Byrd;f;1987-02-21
440;Billy;Porter;m;2008-09-08
441;Sharon;Smith;f;1951-09-24
442;Lisa;Zamora;f;1919-05-06
443;Deborah;Reeves;m;1972-12-21
444;Candace;English;m;1934-02-04
445;Daniel;Brooks;f;1942-09-30
446;Savannah;Berger;f;1946-06-18
447;Heather;Martinez;m;1938-03-11
448;Todd;Jones;m;1987-03-28
449;Natalie;Ryan;m;1980-11-15
450;Madeline;Valencia;m;1961-08-11
451;Cody;Barron;m;1988-08-04
452;Willie;Cortez;m;1991-02-13
453;Richard;Jones;f;1941-01-14
454;Shannon;Webb;f;1993-05-20
455;Jennifer;Cline;m;1923-09-04
456;Lisa;Burke;f;1978-08-25
457;Andrew;Page;m;1928-09-15
458;James;Mitchell;m;1972-01-23
459;John;Andrews;m;2008-01-10
460;Mark;Sharp;f;1922-01-16
461;Cory;Lara;m;1929-06-14
462;Carla;Nguyen;f;2022-04-22
463;Shannon;Lambert;f;1924-07-15
464;Jennifer;Camacho;f;1988-08-31
465;Ronald;Brown;m;1974-10-11
466;Kathryn;Grant;m;1920-06-11
467;John;Mendez;m;1912-06-22
468;James;Scott;f;1917-09-06
469;Allison;Weber;m;1947-11-18
470;Kimberly;Anderson;f;1944-10-27
471;Brendan;Schneider;m;1949-11-30
472;Michael;Franco;m;1956-12-07
473;Caroline;Thompson;m;1920-03-12
474;Cynthia;Kirby;f;2014-02-05
475;Alexandria;Miller;f;1957-03-11
476;Erin;Jacobs;m;2003-08-21
477;Denise;Luna;m;1995-07-21
478;Sara;Baxter;f;1989-10-07
479;Joshua;Brown;m;1956-03-27
480;Anthony;Wells;f;1952-03-02
481;Scott;Black;f;1924-09-01
482;Ryan;Allen;m;1948-09-25
483;Kelly;Vasquez;f;1999-10-09
484;Mackenzie;Murphy;f;2007-12-20
485;Cory;Cook;f;1918-10-09
486;Matthew;Thompson;m;1952-12-23
487;Erica;Walker;f;1948-05-23
488;Charles;Hudson;m;1950-09-18
489;Angela;Davis;m;2012-01-07
490;Michael;May;m;1980-04-23
491;Anthony;Lawrence;f;1945-12-22
492;Laurie;Carney;f;1944-10-24
493;Kevin;Stein;f;1917-02-21
494;Emily;Perkins;f;1965-02-20
495;Kristen;Williams;m;1944-05-31
496;Christine;Simon;m;1967-08-02
497;Tracy;Haynes;m;1981-10-26
498;Jennifer;Smith;f;1945-12-08
499;Patricia;Stephens;f;1968-12-17
500;Sherri;Duncan;m;1974-09-27
501;Lisa;Lawrence;m;1969-03-06
502;Seth;Morris;m;2018-07-04
503;Aaron;Hunt;f;1921-02-03
504;Kim;Myers;f;1952-05-08
505;Robert;Cabrera;m;2009-08-08
506;Cathy;Keith;m;2006-06-22
507;Tyler;Barber;m;1914-02-23
508;Michael;Peters;m;1971-07-20
509;Megan;Lee;f;2002-06-02
510;Joshua;Fisher;m;1973-08-06
511;Felicia;Williams;f;1947-05-25
512;Jose;Lopez;m;2001-03-09
513;James;Schmidt;m;2022-08-12
514;Christopher;Costa;f;2006-04-24
515;Lauren;Aguirre;m;1935-06-04
516;Lauren;Schmidt;f;2019-07-17
517;Cheryl;Thomas;f;1988-10-07
518;Jeanne;Bean;f;1936-09-21
519;Kimberly;Howard;f;2008-07-20
520;Taylor;Zimmerman;f;1921-05-18
521;Calvin;Gutierrez;f;2011-12-09
522;Amy;Wagner;f;1935-06-04
523;Melissa;Diaz;f;1950-07-09
524;Steve;Coffey;f;1941-11-10
525;Zoe;Gill;f;1994-02-02
526;Kelly;Thomas;m;1960-03-16
527;Lisa;Luna;m;1926-03-15
528;Kyle;Gibbs;m;1967-03-05
529;Jason;Curry;f;2008-08-31
530;Monica;Castro;f;1986-06-11
531;Christina;King;m;1913-11-23
532;Diana;Smith;m;1945-01-15
533;Charles;Stephenson;m;1917-08-27
534;Diana;Watson;f;1967-12-26
535;Kristi;Frank;f;2002-07-14
536;Anne;Vega;f;1981-02-13
537;Jacob;Hines;f;1950-09-04
538;Rodney;Bowman;m;1937-10-28
539;Andrea;Nixon;m;1995-10-12
540;Antonio;Nguyen;m;1910-09-23
541;Harold;Jackson;f;1944-02-29
542;Eric;Greer;f;1915-01-01
543;Mariah;Brown;f;1984-10-11
544;Ryan;Paul;f;2021-06-13
545;Tiffany;Schmidt;m;1924-08-18
546;Dustin;Mckenzie;f;1922-11-06
547;Kristin;Lee;f;1942-06-14
548;Christopher;Green;m;2004-05-21
549;Jessica;Taylor;f;1915-07-24
550;Douglas;Perez;f;1935-10-16
551;Maria;George;m;1914-03-31
552;Joseph;Black;f;1960-01-03
553;Ariel;Larsen;f;1911-11-30
554;Peter;Sims;m;1923-11-04
555;Juan;Bryant;m;1928-01-11
556;Brian;Carter;f;1998-06-29
557;Janice;Frank;f;1962-12-10
558;Rebekah;Jackson;f;1945-10-10
559;Nathan;Floyd;m;1941-07-15
560;Edward;Parsons;m;1910-11-01
561;Frederick;King;m;1952-02-20
562;Kathleen;Davis;f;1977-09-23
563;Jacqueline;Henderson;m;1945-04-12
564;Dillon;Shepard;m;1935-11-03
565;Gary;Sanchez;m;1970-06-22
566;Amy;Juarez;f;1975-12-14
567;Alexander;Alexander;f;1997-10-06
568;David;Christian;m;1959-12-17
569;Michelle;Mcclure;m;2023-10-18
570;Vanessa;Bryant;m;1973-08-11
571;Cynthia;Allen;m;1936-10-28
572;David;Smith;f;1989-11-01
573;Derek;Clayton;m;1925-04-16
574;Bethany;Salinas;f;1938-01-04
575;Anthony;Barrett;f;2002-02-05
576;Rebecca;Brown;f;2022-01-25
577;Brian;Rogers;m;1964-04-13
578;Mark;Khan;m;1946-03-20
579;David;Bates;m;1909-11-25
580;Patricia;Contreras;f;1910-05-10
581;James;Perez;m;2014-12-18
582;Alisha;Marquez;m;2023-07-16
583;Natalie;Winters;f;1920-04-03
584;Jennifer;Moore;f;1991-12-28
585;Christina;Oconnell;f;1969-10-22
586;David;Hays;m;1963-09-05
587;Joseph;Perez;m;2001-07-04
588;Michelle;Thomas;f;1996-03-30
589;James;Rivera;f;2021-08-14
590;Paul;Bell;f;1959-06-27
591;Melissa;Thomas;f;1961-05-17
592;Scott;Boyd;f;1931-10-15
593;Ricardo;Clark;f;1974-08-09
594;Teresa;Ortega;m;1936-08-16
595;Kevin;Patterson;f;1976-11-27
596;Andrea;Williams;f;1931-06-16
597;Steve;Kennedy;m;1998-09-13
598;David;Rivera;m;1975-07-24
599;Matthew;Johnson;m;1943-07-23
600;Anne;Williams;m;2002-07-01
601;Amber;Massey;m;2012-05-11
602;John;Glass;f;1942-08-01
603;Walter;Freeman;m;1975-04-25
604;Aaron;Brown;f;1934-08-31
605;Stephen;Burnett;m;1963-11-05
606;Chad;Dennis;f;1947-08-19
607;Charles;Duncan;f;1995-01-29
608;Matthew;Williamson;f;2001-09-17
609;Tanya;Briggs;m;1976-04-15
610;Jason;Hall;m;1987-09-17
611;David;Vazquez;m;1934-10-09
612;Paul;Armstrong;m;1988-02-23
613;Matthew;Nelson;f;1955-12-27
614;Veronica;Oliver;m;1944-09-29
615;Christy;Alexander;f;1946-03-25
616;Benjamin;Hardin;m;1928-02-28
617;Jasmin;Pope;f;1966-07-14
618;Steven;Lee;m;1992-03-05
619;Steven;Riggs;f;1966-04-22
620;Audrey;Hale;m;1916-03-02
621;David;Myers;m;1916-11-03
622;Michael;Williams;m;1971-10-13
623;Melvin;Olsen;f;1956-07-11
624;Mark;Long;f;1945-07-21
625;Michael;Velasquez;f;1929-10-16
626;John;Wong;f;1911-04-29
627;Larry;Allison;f;1977-07-20
628;Timothy;Martin;m;1961-02-01
629;Theodore;Oconnor;f;1953-03-24
630;Yvette;Washington;f;1948-06-13
631;Howard;Torres;f;2022-01-29
632;Jason;Baxter;f;1954-08-03
633;Daniel;Reid;m;1993-04-17
634;Nicholas;Reynolds;m;1924-03-28
635;Steven;Smith;m;1924-08-27
636;Danielle;Evans;f;1966-07-14
637;Jacob;Bennett;f;1916-09-11
638;Todd;Moore;m;1981-07-08
639;James;Roberson;f;1923-12-10
640;Michael;Carter;f;1934-02-10
641;Laura;Campos;m;1979-12-29
642;Lisa;Cox;f;1926-06-24
643;Brandon;Rivera;f;1920-11-19
644;Rickey;Davis;f;1970-10-29
645;Sheri;Dougherty;f;1973-06-21
646;Jennifer;Rodriguez;m;1996-10-09
647;Lisa;Ward;f;1951-12-16
648;Jennifer;Bailey;m;2004-06-07
649;Nancy;Pratt;f;1974-11-19
650;Teresa;Matthews;f;1959-11-02
651;Jack;Cooper;f;1995-06-08
652;Angela;Campos;f;1930-10-26
653;Alicia;Gray;m;1952-10-14
654;Debra;Hurst;m;1932-08-31
655;Katrina;Bowen;m;2016-07-10
656;Micheal;Webb;f;1947-02-09
657;Joseph;Woods;f;2004-01-29
658;Heather;Morgan;f;1957-11-11
659;Jeremy;Franco;f;1990-08-03
660;Ronald;Kerr;f;1962-05-23
661;William;Shields;m;1920-06-28
662;Joshua;Smith;m;1937-09-23
663;Jerry;Murphy;f;1962-03-04
664;Robert;Simpson;m;1997-06-07
665;Lauren;Lane;f;1979-11-16
666;Tracy;Schwartz;f;1979-09-09
667;Amanda;Harper;f;1970-07-15
668;Laura;Brown;f;2008-05-20
669;Lauren;Stewart;f;1914-06-08
670;Nicole;Acevedo;m;2001-12-26
671;Gina;Ray;m;1953-10-22
672;Tina;Jones;f;1983-07-17
673;Lynn;Holland;f;1922-09-22
674;Marissa;Butler;f;1909-12-30
675;Justin;Rivera;f;1952-01-21
676;Deanna;Schneider;m;2023-08-08
677;Joshua;Watson;m;1910-02-27
678;Brittany;Berger;m;2023-12-26
679;Christine;Brown;f;2000-01-20
680;Robert;Berg;m;1985-09-15
681;Benjamin;Hampton;f;1915-07-06
682;Teresa;Graham;f;1960-11-01
683;Susan;Walsh;m;1916-12-09
684;Theresa;Wallace;m;1921-09-02
685;Tim;Pace;m;2006-10-08
686;Jeremy;Brennan;m;2011-07-24
687;Bradley;Vega;m;1984-01-06
688;David;George;f;2019-01-26
689;Matthew;Thompson;f;1917-02-22
690;Stephen;Moore;f;1980-12-15
691;Joshua;Bennett;m;1960-06-07
692;Daniel;Petersen;m;1977-04-30
693;Cody;Ortega;m;1973-01-26
694;Jenna;Thompson;m;1918-01-15
695;Cynthia;Baldwin;f;1930-12-08
696;Luis;Williams;m;1919-10-19
697;Marcus;Liu;f;2011-01-05
698;Stephanie;Owens;m;2008-11-29
699;Nicole;Baker;f;2014-08-29
700;Joshua;Ortiz;f;1910-06-12
701;Thomas;Ballard;f;2000-08-27
702;Joshua;Ferrell;f;1941-03-01
703;Rachel;Clements;m;2014-08-19
704;Taylor;Kaiser;m;1991-06-30
705;Johnathan;Klein;m;1930-06-09
706;Robert;Cook;m;1955-05-21
707;Mark;Anthony;m;1995-08-11
708;Jennifer;Edwards;m;2017-07-24
709;David;Burch;m;1912-05-08
710;Michael;Stephens;m;2012-04-29
711;Margaret;Flores;m;1998-11-05
712;Hannah;Franklin;m;1939-07-04
713;Susan;Browning;m;1953-09-30
714;Christopher;Williams;f;1941-08-17
715;Heidi;Pham;m;1913-08-04
716;Victoria;Weaver;f;1919-03-12
717;Joseph;Manning;f;1963-12-06
718;Kimberly;Soto;m;2010-08-10
719;Donna;Bowman;f;1957-08-03
720;Ryan;Morales;f;1951-01-19
721;Mark;Chaney;m;1955-11-07
722;Kathy;Taylor;m;1949-07-05
723;Laura;Coleman;m;1976-05-11
724;Jessica;Brooks;f;1991-06-09
725;Mark;Underwood;f;2017-03-25
726;David;Hill;m;1945-12-08
727;David;Watson;m;1939-05-09
728;Shawn;Lawrence;f;1952-01-28
729;Cynthia;Webb;f;1912-05-10
730;Daniel;Moody;f;1993-11-23
731;Trevor;Fischer;m;1963-07-08
732;Reginald;Smith;f;1971-03-14
733;Jennifer;Cook;m;2007-05-24
734;Robert;Nelson;m;1982-04-24
735;Levi;Parker;f;1939-11-22
736;Tom;Meyer;f;1910-10-15
737;Brandon;Dennis;f;1978-05-06
738;Mitchell;Smith;m;1965-05-06
739;Keith;Davis;f;1971-05-03
740;Natalie;Martin;m;1912-10-29
741;Brandon;Sanchez;f;1995-04-05
742;Grace;Shaw;f;1962-05-16
743;Dennis;Shaw;m;1963-08-27
744;Daniel;Harrison;f;1960-07-29
745;Ann;Harrison;m;1929-01-07
746;Donald;Clark;m;1928-10-30
747;Amanda;Clarke;f;2017-10-17
748;Erika;Randolph;f;1993-07-20
749;Brian;Price;f;1938-05-16
750;Ricky;Miles;m;2021-08-11
751;Sandra;Byrd;f;2011-04-25
752;Maria;Lewis;f;1998-09-16
753;Amanda;Potter;f;1933-08-26
754;Dawn;Smith;f;1940-05-16
755;Brittney;Woodward;m;1991-09-18
756;Eric;Zimmerman;f;2010-07-20
757;Anthony;Nelson;f;1949-11-20
758;Patricia;Molina;m;2013-01-27
759;Madeline;Howard;f;1934-06-12
760;Nicole;Bowman;m;1916-04-28
761;Hayley;Ellis;f;1989-12-26
762;Ian;Rubio;f;1968-11-01
763;Jackson;Newman;f;1923-02-05
764;Michael;Cooper;m;1971-03-26
765;Jessica;Burton;f;1948-05-03
766;Michael;Moore;f;1913-10-14
767;Ronald;Davies;m;1968-12-18
768;Amanda;Anthony;f;1994-02-25
769;Dan;White;m;1948-11-12
770;Alexander;Kelly;f;1973-03-30
771;Amanda;Torres;f;1997-05-20
772;Shelby;Hughes;f;1940-06-17
773;Susan;Payne;f;1945-05-08
774;Joseph;Soto;f;1950-07-24
775;Sergio;Trevino;f;1956-06-21
776;Mark;Lopez;m;2016-11-08
777;Tonya;Barnett;m;1998-03-21
778;James;Singh;f;2021-12-17
779;Christine;Ellis;m;1971-11-14
780;Katie;Schneider;m;2004-01-25
781;John;Reyes;m;1960-01-08
782;Lauren;Cain;f;1972-11-30
783;Derrick;Brewer;m;1967-02-15
784;Diana;Adams;m;1924-01-25
785;Melissa;Velez;m;1948-10-29
786;Tyler;Craig;m;1993-08-11
787;Cindy;Parker;m;1911-07-28
788;Lori;White;f;1985-05-15
789;Rebecca;Doyle;m;1959-10-29
790;James;Woodard;f;1925-01-11
791;Richard;Bates;f;1940-01-05
792;Kelly;Monroe;m;1916-07-27
793;Henry;Rojas;f;1979-04-25
794;Jillian;Powell;m;2011-02-03
795;Eric;Ortiz;m;1987-03-20
796;Jose;Moore;m;1961-02-07
797;Michael;Jackson;m;2022-11-05
798;Sarah;Gallegos;f;2010-02-13
799;Aaron;Underwood;m;2002-08-01
800;Tiffany;Williams;m;2002-07-18
801;Joshua;Hill;m;1919-07-20
802;Bonnie;Smith;f;2012-12-17
803;Gordon;Jackson;m;1930-01-19
804;Robin;Weaver;m;1932-07-30
805;Walter;Knight;m;1919-12-20
806;John;Dixon;m;1983-10-28
807;Eric;Fernandez;f;1992-02-03
808;Kelly;Vazquez;m;1930-05-30
809;Robert;Black;f;1985-02-16
810;Ronald;Thompson;f;1987-11-14
811;William;Robinson;f;1945-10-28
812;Phillip;Harrington;f;1936-06-19
813;Michelle;Ibarra;f;1984-05-15
814;Greg;Ortiz;f;1970-04-11
815;Jacob;Webster;f;1965-01-20
816;Briana;Stone;f;1975-10-21
817;Douglas;Porter;f;1925-02-11
818;Carla;Williams;f;1980-10-09
819;Scott;Bailey;m;1963-02-20
820;John;Hill;m;1933-04-22
821;Tiffany;Benitez;f;1953-04-14
822;Sarah;Lewis;f;2015-03-24
823;Ryan;Greer;m;1944-03-04
824;Kristy;Snow;m;1955-11-11
825;Barbara;White;m;1942-07-10
826;Jeff;Lucero;f;2019-10-22
827;Edward;Taylor;m;1975-03-04
828;Christopher;Mooney;m;1956-12-26
829;Shannon;Riley;m;1973-11-12
830;Joseph;Wilson;f;1988-08-29
831;Rose;Joyce;f;1996-06-16
832;Stacey;Pham;f;1914-01-29
833;Timothy;Jones;f;1911-09-13
834;Carla;Ward;f;1998-07-15
835;Jennifer;Jenkins;f;1936-01-30
836;Edward;Short;f;1934-10-02
837;Zoe;Padilla;f;1941-04-05
838;John;Shaw;m;1920-12-07
839;Jennifer;Rowland;m;1951-11-23
840;Michael;Stephens;f;2021-12-17
841;Jason;Stephenson;m;1953-03-17
842;Jordan;Gilbert;m;2008-02-19
843;Alisha;Russo;m;1990-11-27
844;Steven;Wheeler;m;2006-08-17
845;Savannah;Watts;f;1934-09-06
846;Jill;Robinson;f;1960-11-29
847;Stephanie;Griffin;m;1955-05-28
848;Erika;Roth;m;1925-08-21
849;Virginia;Smith;f;1947-12-19
850;James;Beltran;f;1994-03-18
851;David;Martinez;f;1947-03-10
852;Jessica;Frank;f;1967-09-17
853;Robert;Williams;m;1985-08-22
854;Kevin;Pham;f;1919-02-11
855;William;Fleming;f;1998-02-22
856;Kristina;Diaz;m;1922-01-29
857;John;Buck;m;1949-05-30
858;Gary;Reynolds;f;1987-10-13
859;Joshua;Hartman;m;1921-02-23
860;Katherine;Parker;f;1928-03-06
861;Benjamin;Edwards;m;1995-08-05
862;Amanda;Baker;m;1925-05-09
863;Amanda;Villanueva;f;1966-04-02
864;Ashley;Perez;m;1985-03-16
865;Emily;Kennedy;f;1949-12-11
866;Michelle;Kemp;f;1992-05-06
867;Steven;Mcgee;f;1912-01-27
868;Jamie;Cunningham;m;1972-01-17
869;Paula;Adams;m;1909-10-14
870;Jacqueline;Carter;f;1946-12-12
871;James;Taylor;f;1968-01-29
872;Tanya;Peterson;f;1937-03-03
873;Mary;Johnson;f;1988-09-06
874;William;Reynolds;m;1938-04-20
875;Laura;Miller;m;1915-10-28
876;Hannah;Medina;f;1920-03-27
877;Michael;Martinez;m;1982-03-03
878;Lindsay;Allen;m;1978-02-15
879;Steven;Adams;f;1985-02-24
880;Joseph;Gutierrez;m;2021-10-23
881;Jessica;Brown;f;1908-09-06
882;Rebecca;Sullivan;m;1981-07-03
883;Tyler;Hartman;f;1927-03-23
884;Richard;Nichols;f;1937-04-14
885;Tina;Velazquez;m;1937-03-02
886;Joe;King;m;2001-02-23
887;Dana;Barrera;m;2023-01-01
888;Sara;Davis;m;1997-04-06
889;Jason;Jackson;f;1921-05-15
890;Sandra;Cruz;m;1974-12-04
891;Billy;Campbell;f;1918-07-13
892;Amber;Lawrence;m;1996-02-14
893;Jesse;Velazquez;f;2018-08-30
894;Samantha;Jones;m;1929-04-04
895;Miguel;Hall;m;1970-02-09
896;Amanda;Foster;f;2000-07-05
897;Daniel;Holmes;m;1926-08-14
898;Tyler;Johnson;m;1976-07-19
899;Allison;Ellis;f;1935-08-26
900;Gloria;Boone;f;1960-03-25
901;Karen;Ellis;f;1944-05-04
902;Matthew;Rogers;f;1987-06-27
903;Thomas;Carpenter;m;1980-09-10
904;Mark;Mcdonald;m;1992-04-28
905;Joshua;Moore;m;1977-10-07
906;Robert;Mitchell;m;1966-09-16
907;Daniel;Young;f;1908-09-22
908;Phillip;White;m;1933-04-29
909;Erika;Giles;f;1965-12-18
910;Diana;Adams;f;2014-09-17
911;Michael;Walls;f;1960-10-11
912;Sarah;Melendez;m;1945-12-04
913;Allen;Cohen;f;1971-11-09
914;Randall;Conner;f;2017-10-09
915;Richard;Smith;f;1993-10-26
916;Kelly;Murphy;f;1968-06-23
917;Edgar;Guerra;f;1999-12-04
918;Tonya;Ballard;f;1927-04-03
919;Anthony;Jenkins;f;1935-06-15
920;Anna;Wilson;m;1953-09-24
921;Michael;Smith;m;2017-02-09
922;Steven;Hill;f;1969-01-03
923;Edward;Daniels;f;1953-06-05
924;April;Campos;m;1955-12-01
925;Scott;Carr;m;1910-01-30
926;Greg;Wallace;f;1946-11-21
927;Jacqueline;Rodgers;f;1915-07-23
928;John;Gay;m;1911-06-17
929;Charles;Gibson;f;1947-12-20
930;Sandra;Rodgers;f;1944-08-27
931;Bradley;Bruce;f;1972-09-27
932;Travis;Wood;m;1951-11-28
933;Travis;Rogers;m;1958-05-22
934;Raymond;Wu;m;1970-07-25
935;Lucas;Johnson;m;1950-03-21
936;Jennifer;Henderson;f;1967-10-17
937;Anne;Gomez;m;1932-02-11
938;Charles;Mcintyre;m;1962-05-22
939;Erin;Shaw;f;2017-04-29
940;Joseph;Stanley;m;2020-03-28
941;Kathryn;Cook;m;1910-02-14
942;Rodney;Fowler;m;1969-12-22
943;Jerry;Gordon;m;1994-09-03
944;Nicholas;Waters;f;1976-11-19
945;Joseph;Harris;f;2007-06-29
946;Charles;Nichols;m;1936-09-02
947;Laura;Robertson;m;1965-03-08
948;Jerry;Blake;f;1986-03-31
949;William;Bradley;m;1968-11-13
950;John;Donovan;m;2009-05-31
951;Jonathan;Moore;f;1966-07-23
952;Alison;Cannon;m;1970-11-14
953;Shane;Eaton;m;1972-07-07
954;Susan;Brown;f;2006-05-30
955;Robert;Miller;f;1993-10-03
956;Thomas;Harvey;m;2001-09-07
957;Philip;Johnson;f;2006-10-27
958;Eric;Callahan;m;1910-03-10
959;Jennifer;Cisneros;f;1936-09-17
960;Megan;Roberts;f;1917-08-19
961;Danielle;Fuentes;f;2010-04-03
962;Kelsey;Simmons;m;2009-06-06
963;Belinda;Harris;f;1916-05-31
964;Eric;Weaver;m;1968-06-17
965;Carlos;Harris;m;1977-12-31
966;Robert;Mitchell;m;2022-11-11
967;Lisa;Barry;m;1942-08-29
968;Darryl;Allen;f;1913-08-19
969;Kristopher;Reyes;f;1960-02-25
970;Jeremy;Andrews;m;1976-09-20
971;Brian;Moon;f;1997-03-26
972;Brandon;Allen;m;2002-08-08
973;Keith;Harvey;f;1910-01-18
974;Joan;Leonard;m;1929-09-21
975;Michael;Andrade;m;1967-12-28
976;George;Hanson;m;1970-07-18
977;Emily;Pineda;m;2001-01-08
978;Joy;Edwards;f;2019-12-19
979;Amanda;Brown;m;1942-11-14
980;Curtis;Martinez;m;2020-07-03
981;Darren;Phillips;f;1915-07-13
982;Allison;Barrett;f;1983-04-03
983;Alexander;York;f;1989-12-21
984;Michelle;Obrien;f;1959-04-15
985;Joseph;Matthews;m;2008-12-21
986;Steven;Todd;m;1993-05-10
987;Mark;Kim;m;2007-09-11
988;Richard;Hobbs;m;2001-03-27
989;Sarah;Watson;f;2018-07-27
990;Laura;Jensen;m;1942-05-27
991;Paige;Campbell;m;1970-08-15
992;Jason;Burns;m;1997-01-12
993;Mary;Martin;m;1952-08-08
994;George;Kelly;m;1959-03-15
995;Erin;Barrett;f;1989-06-03
996;Ashley;Martin;f;1925-06-13
997;Evan;Mcgee;f;1929-04-23
998;Melissa;Carpenter;f;1962-03-22
999;Gregory;Smith;m;1982-10-02
1000;Frank;Macdonald;f;1986-10-18
