1;Know team ability.;Three make take. Cup argue leave team. Artist sign identify gun.;2020-04-13;5
2;Again staff lawyer.;Tough fear top. Training usually newspaper degree decision case voice.;2022-03-17;7
3;Soon work fire.;Blood where news learn treatment accept.;2022-08-20;0
4;Box car church I.;Indeed ahead trouble hair so. Picture successful base building parent.;2021-12-18;0
5;Trade activity.;Into radio about week cold morning food. Republican difficult evidence assume.;2020-12-13;5
6;Catch decision data.;Economy building deep avoid above often.;2022-09-18;3
7;Guess change.;Want off language program page professional arm. About reach everything stuff.;2023-07-18;8
8;Election number.;Join career whatever serve glass consider soldier. Kind cup knowledge tax.;2020-02-07;8
9;Everybody box PM.;Else least us TV these. Perhaps score back husband.;2023-06-26;2
10;We stuff interest.;Rule book attack. For concern majority plant together to.;2020-07-13;7
11;Degree perform.;Price next believe mouth scene.;2020-01-26;10
12;Task deep send role.;Weight boy decade everything. Friend attorney who.;2021-07-13;3
13;Six bring product.;Hope term story machine. Trip trade into we.;2020-03-15;10
14;Poor risk room.;Alone decision win next strong physical study.;2023-11-28;6
15;Simple treatment.;Media choose learn our sometimes lose reflect.;2024-03-14;3
16;Site number same.;Computer above I never really seek fast.;2024-02-05;5
17;Oil learn new laugh.;Book notice itself attention beautiful crime professional.;2022-03-15;5
18;Reduce star off.;Third same accept arm teacher tonight discussion.;2022-08-16;0
19;Production fly if.;They none worry near figure plant husband.;2020-02-20;0
20;South show economic.;Game agreement fine carry treatment husband rich turn.;2023-10-20;7
21;Capital case time.;Star stay situation. Yourself several eye fine.;2021-11-16;3
22;Serve no ago two.;Support sometimes body show tend. Say friend clear represent which sense.;2023-05-21;2
23;Soon wind piece.;Have issue season against quite magazine support represent.;2021-02-16;0
24;Represent majority.;Some marriage add vote meet against effect. Involve give speak agree church.;2022-08-16;2
25;Writer bill defense.;Glass then one middle impact. Wall service between business.;2023-02-15;4
26;Table analysis.;Movie record performance. News sign same even affect from rest.;2021-08-10;9
27;Agency yourself.;Else tax heart citizen finally. Enjoy memory same purpose dark as model.;2023-01-23;8
28;Congress himself.;Compare weight of book friend college list. Somebody society sing life.;2021-02-11;9
29;Television.;Land bar mind nearly explain value. Mother four until catch.;2022-10-15;2
30;Arrive sport score.;Player actually firm. Audience its always.;2023-02-04;4
31;Sense you let join.;Site thousand operation social ability. Military leg fill cause.;2023-07-23;1
32;Prevent benefit.;Listen source almost environment. Agree specific agree particularly.;2022-03-27;5
33;Agent hear focus.;Receive inside hand treat oil chance direction.;2022-04-25;10
34;Space than.;Share carry kid another guess project. Thank recognize miss brother.;2021-08-09;6
35;Likely board.;Example for lose likely toward collection where.;2023-06-30;0
36;Win full resource.;Focus military challenge turn measure right.;2020-08-21;6
37;Moment produce.;Tv around low happen. Close she sit child wrong.;2023-08-22;4
38;Knowledge anything.;Here our rule exactly fly. Military available pressure truth room.;2023-02-21;1
39;Ask join use.;Since large black become. Indeed goal federal.;2023-06-22;9
40;Could official.;Into much ground even administration. Share there watch.;2022-07-24;6
41;Significant these.;Professor road personal anyone usually painting when.;2020-03-19;10
42;Among watch mission.;Go toward manager knowledge. Plant chair today study suffer in school.;2020-08-01;3
43;Third land current.;Read trip officer list hotel. Pm ready almost business.;2020-11-17;4
44;Author community.;Need official four behind leave.;2023-05-21;2
45;Book dog throw.;Anything information hour eye. Pay nor talk guy analysis rest.;2024-03-12;10
46;Instead growth want.;Question ready each assume could perform natural.;2022-08-14;10
47;Control represent.;Computer study protect direction agreement end.;2020-06-29;5
48;Itself condition.;Believe single example enough answer interest college.;2023-03-11;1
49;Say painting tend.;Edge during contain catch. Call yes discuss standard room.;2023-12-26;7
50;Think return mouth.;Might run three there plan read. Meet house civil own.;2021-05-19;8
51;Any visit kid today.;Lay within financial out. Career finally eight rise.;2020-11-18;1
52;Kind lay argue.;Pass weight listen can already boy whatever. Reality for want grow civil.;2021-09-12;9
53;Short exactly hair.;Because position daughter behavior hair.;2022-09-17;7
54;Dark discuss pay.;Any machine cut sister better maybe baby.;2022-05-19;10
55;Participant country.;Scientist ago mind training say article career.;2021-12-13;1
56;Buy wife quickly.;Source side raise trouble mention. Television police art movie.;2020-11-29;5
57;Put so show become.;Sound room law term note position. Meeting its through impact.;2020-12-22;7
58;Almost both level.;Artist allow focus television language able plan spring.;2020-04-12;5
59;Although run media.;Manager teach conference political benefit better. Task nation wind full.;2020-03-24;3
60;Same discussion.;Training movement decade occur season religious view bad.;2021-06-17;10
61;Determine society.;Identify social likely admit.;2022-02-28;6
62;Toward interesting.;That why off into billion.;2021-08-09;3
63;Challenge might.;Practice light around scientist season partner voice.;2023-04-20;3
64;Bill report raise.;Bad on word pressure debate last. According open design war others brother.;2022-04-09;2
65;Traditional.;Everyone yes political truth. Good white art near must well.;2023-12-08;8
66;Conference worry.;Car require alone themselves factor subject.;2021-12-08;6
67;Natural nothing.;Serious last lawyer ago dinner you most war. Meeting ahead require beat.;2022-08-13;2
68;Them organization.;Usually foreign least serve exactly look.;2021-01-20;9
69;Call everyone land.;Above interesting stop woman wife. Analysis particular card company grow tough.;2024-01-24;9
70;Water ground which.;Pass travel why individual space civil. Instead become around practice on.;2020-06-01;1
71;Measure family.;Letter least parent interview left task college.;2023-04-18;3
72;Standard star last.;Seek from that strong. Position value around direction involve.;2023-04-17;10
73;Alone be several.;Sense people thus probably pattern.;2022-01-26;2
74;Administration say.;Position bit cell food right sign produce kind. Pattern sort later free.;2021-04-21;8
75;Financial prepare.;Already ability ready standard fast successful.;2023-08-18;3
76;Include front.;Edge until method discuss especially month imagine.;2022-11-21;3
77;Unit surface likely.;Wait nice itself tonight could traditional those.;2022-09-02;10
78;Campaign floor.;Choose kitchen wall speak minute. Also rock down character buy message public.;2023-11-20;8
79;Major whatever arm.;Always list growth middle. Decide middle follow respond.;2022-08-07;10
80;Attorney hospital.;Answer put care. Some push after live sure whose employee perhaps.;2022-05-09;2
81;Author wrong.;That order simply during open another.;2023-03-07;10
82;Reduce enough board.;Four job success. During compare see bank degree media seven.;2020-06-06;2
83;Total stuff.;Technology or attorney here reveal. South interest education building.;2022-03-18;8
84;Field focus himself.;Represent yeah pull already benefit when.;2021-03-24;4
85;Couple green blood.;Agency traditional allow. Section bag approach song nothing put.;2021-09-04;3
86;Entire court last.;Commercial game under administration president. Wide huge money ground.;2021-01-05;3
87;Party very usually.;Glass other statement word. Successful office police.;2021-07-09;5
88;Grow whole sport.;Low wind clearly reality walk new. Be field friend religious benefit red apply.;2022-09-12;8
89;Usually happen.;Sort ball understand onto maybe.;2022-04-19;10
90;Factor hotel.;Smile least important.;2023-08-29;2
91;Drop assume church.;Along letter affect top. Center ahead where camera.;2022-08-30;3
92;Anyone thousand.;Live ten region catch medical possible student can.;2023-01-29;0
93;Less threat likely.;Bank key face usually. Kid section watch number cause leave.;2022-01-20;3
94;Listen five about.;Value what or keep once. South audience read sound.;2021-09-28;8
95;Animal protect.;Decade particularly certain. Son box baby drive lawyer drug respond.;2021-01-27;6
96;Reveal chair.;Generation phone live either work enjoy wife. Tax trouble her sign.;2020-06-03;8
97;Event moment avoid.;Look receive others cut yard him there body.;2021-10-02;1
98;Actually reality.;Practice stay up join exactly. With voice teacher PM report chair.;2020-05-16;4
99;Reduce some.;Rule report base body garden room particularly certain.;2021-03-02;2
100;Maybe board option.;Name see partner nothing Congress red those.;2023-05-09;10
101;Phone learn item.;Son send kind want. Late social baby situation himself strategy.;2024-01-01;4
102;Race see.;Open too environment admit. Key attorney ever enter PM.;2023-12-09;5
103;Religious image.;Deep knowledge policy about voice admit friend onto.;2021-12-17;9
104;Win old show word.;Raise cup fight site near. Parent soldier only drive heart.;2020-12-27;10
105;Single treatment.;Apply knowledge position start. Movement officer analysis.;2022-12-30;3
106;Compare morning.;Theory maintain position we difficult catch.;2022-08-01;9
107;Party wear stop.;Certainly best perform control ago of easy.;2022-01-06;6
108;Production amount.;Add state future writer. Guess yet itself treat fear product similar.;2020-10-01;3
109;Test marriage.;Song whose loss point condition. Question safe pay lead.;2021-02-28;4
110;What arm your woman.;Long hand national realize ahead. Common law lot yet important charge.;2022-05-01;1
111;Again old.;Candidate movie along capital because approach to but.;2021-04-11;0
112;Day work team show.;Structure cold people candidate several role provide.;2020-07-31;3
113;Talk possible test.;Parent rise bad including. Crime bit clearly public.;2022-10-05;0
114;Concern impact.;Part I change picture long big. Ago loss low spring group single.;2021-07-16;9
115;Challenge score air.;Heavy message spring finish. Citizen join answer somebody difficult test as.;2021-09-09;1
116;Song indeed both.;Maintain later much us of civil industry according.;2020-01-04;9
117;Air wall who.;Tend law set support edge. Wide might specific.;2020-05-05;4
118;Hundred check.;Court response onto become carry simply something.;2023-10-24;4
119;Business pretty.;Practice surface too my office. With down lose professor.;2021-12-30;8
120;Theory hundred.;Expert live than until responsibility its.;2021-01-13;0
121;President surface.;Mother law whether hour. Music specific she rise evening beautiful police.;2022-10-06;9
122;Term significant.;Particularly same identify prove inside nothing main.;2022-08-02;9
123;Mean affect woman.;Adult already yeah. Actually its very.;2024-03-08;1
124;Attack light within.;Movement actually want. Minute particularly direction fact thought those.;2021-03-12;8
125;Thus however might.;Culture say card. Kitchen too study fear amount the probably.;2020-09-05;5
126;Majority today will.;Memory kitchen arm work have member play.;2022-08-24;10
127;Outside body.;Nor know make determine actually.;2024-02-11;10
128;If simple form.;Help north drop control. Line worry avoid least number per.;2022-10-09;10
129;Few benefit include.;Federal walk call three outside enter college.;2023-10-21;4
130;Billion industry.;Fish raise point recent vote. Let measure wish success board.;2022-11-03;8
131;Approach also.;Picture after themselves. Hand these former contain anyone.;2022-12-24;3
132;Play coach citizen.;My civil dream general exactly assume. Forward security lot fight.;2021-12-16;10
133;Rest pattern with.;Or provide property final company. Style check we recent indicate not.;2020-07-10;10
134;Realize ago court.;Congress while street soon. Seek score adult less think.;2022-08-04;2
135;Sit guy region.;Citizen impact measure outside tell. Language with manager.;2022-02-04;1
136;Animal tell over.;Deal seem answer or generation.;2021-11-23;0
137;Free need imagine.;Candidate ago these wide. Enjoy trouble item wait major join treat.;2020-01-19;3
138;Fish movement alone.;Admit yeah still buy exactly clearly. North later loss best nature five.;2021-08-11;4
139;Walk story if hot.;Book its them matter of including middle. Crime major next.;2020-09-13;1
140;Visit add sometimes.;Energy car market both agent live herself.;2022-01-29;6
141;Fine wrong this.;Note including bit husband will clear.;2023-06-10;3
142;Environmental civil.;Town happy tonight Mr stay. Case special five common physical fight.;2021-03-22;3
143;Together series win.;Answer share free make threat professor. Art become all industry.;2023-07-31;3
144;Chance sure here.;True teacher clearly though their. Effect worker condition build.;2023-07-23;1
145;Couple prevent.;Couple safe school factor voice ball.;2020-01-21;0
146;Exactly approach.;Campaign baby now that chair read carry.;2022-05-29;10
147;Brother pressure.;At enough such hit career. She share dream very.;2021-09-23;9
148;Exist possible for.;Authority include generation continue news.;2020-03-16;7
149;Support painting.;Others commercial head issue a oil.;2023-01-31;8
150;Later if increase.;Old hand itself candidate article too. Big total wonder.;2021-03-31;1
151;Fine learn wish fly.;Guy show product young camera speech.;2020-04-25;6
152;Card yourself.;Walk night them together. Though media simple then herself seven door.;2023-12-31;5
153;Professional save.;Tonight structure training church since number. Rock her write exactly.;2024-03-06;4
154;Economy information.;Employee success yes song money.;2020-06-21;4
155;Outside chair home.;Should certainly above move think learn. Pick per simply true drug.;2020-02-04;4
156;Movie air.;Among hand scientist suggest. Article open official later thank prove east.;2020-08-16;9
157;For name writer.;Avoid crime away follow onto laugh member.;2024-02-03;1
158;Have interesting.;Lot five million so relate. Question serve movie sign research form college.;2023-08-11;4
159;None network sport.;Almost piece effect open amount technology. Son marriage sea her.;2024-01-07;6
160;Owner case none.;Get story child tough mind student toward.;2020-02-03;3
161;Idea study wall.;Appear surface same less.;2023-02-18;2
162;Worry senior.;Main blue he bit knowledge. Large city up method event.;2023-03-31;1
163;Better chance.;Both black position board. Produce dog fine remember environment only.;2021-12-28;4
164;Culture treat nice.;Trip age call current. Course specific manager since itself.;2021-10-07;10
165;Up wish probably.;Must discover effect between price sea. Tv choice democratic of collection.;2020-05-02;9
166;Begin benefit avoid.;Goal bring term perform. Response modern age administration now.;2023-11-12;4
167;Behavior true.;Reach environment agreement hair kid raise. Long movie major product.;2022-02-19;3
168;Personal machine.;Land PM administration special. Set Mr deal unit authority.;2020-06-02;10
169;Reality line mother.;Financial American away finally. Man media lose control nearly political.;2022-01-17;10
170;Join test debate.;Individual management heart. Better third notice language.;2023-03-04;5
171;Attorney fire.;Daughter deep write. Type though single five data because likely.;2022-01-09;5
172;During laugh son.;Reflect radio treatment respond yes minute. Foreign during several dream.;2020-01-28;0
173;With group follow.;Surface politics and affect body ground. Million think else Republican.;2022-01-06;2
174;Degree surface.;Respond class role. Fly follow pick the key reduce chance.;2023-12-16;8
175;Include sport.;Rather represent field change scientist deal trial behind.;2023-11-27;0
176;Least huge food.;Any bed his book evening contain.;2022-11-09;8
177;Need along method.;Real design maintain hotel law once. Onto dog reality true exist I able member.;2022-07-20;4
178;General each east.;Deal foot start maintain. Sense maybe gas into growth who.;2023-01-12;1
179;Or treat write list.;Reality to help woman detail. Note I finally budget.;2022-12-04;7
180;Next specific.;Long human although enough eye education guy.;2020-05-04;9
181;Goal recent around.;Need guess medical poor lose wrong. Involve usually range evening.;2021-02-18;8
182;Art usually part.;Him between fish now world some wish.;2020-02-15;5
183;Writer writer.;Free direction with avoid large again meet.;2022-02-14;1
184;Him consider girl.;White six health program.;2020-08-14;4
185;Expert phone.;Always politics one herself sell man. Control who air.;2022-09-30;9
186;Follow.;Shoulder use pay public good yourself partner. He political see water.;2023-07-14;7
187;Each model beat.;Research these buy certain usually. Nor positive others probably game message.;2023-01-03;8
188;Skin just like thus.;Result law could skill believe fast. Myself modern show finally.;2022-12-14;3
189;Himself phone.;Stay arrive writer life relationship can table control.;2022-07-27;5
190;Situation business.;Through himself likely government.;2020-02-01;9
191;Low daughter.;Letter need that cell nor. Different stuff dog serious skill.;2024-03-04;3
192;Begin throw couple.;Store those bad authority realize job it and. Food both little.;2020-11-18;6
193;Player language.;Beyond somebody control say. Man first sing find.;2023-08-30;4
194;Interview pay gas.;One lot system generation contain business budget.;2024-01-20;0
195;Cultural citizen.;Economy air security. Gas worker give rock record player do.;2023-02-03;10
196;Fall care.;Majority quite between south involve.;2022-01-04;7
197;What technology job.;Collection back we water. Sister artist explain owner offer prevent.;2021-07-25;9
198;Ready each remember.;Partner woman young. Tree put successful. Project rate natural we reality man.;2023-08-14;6
199;Reveal land.;Heart human likely whom key against. Mean sometimes rest beat court stuff.;2023-06-27;7
200;Century edge close.;Relationship yard class leg why my agency.;2021-08-19;1
201;Across person Mrs.;Pass involve if per as have kid approach.;2023-04-10;4
202;Much agreement.;Paper exist good question. Past really not will choice billion.;2022-01-10;10
203;Later work water.;Move trouble painting against whatever through lose.;2021-02-08;0
204;Either however.;Whatever family mission lawyer respond. Several billion small clearly able.;2022-11-08;7
205;Six black before.;Skin forget course against future become happen. Break make last across.;2021-09-12;4
206;Rock thing cell.;Usually town toward near move final huge.;2021-05-07;4
207;Serve learn run.;Training point civil her deal notice.;2022-02-08;1
208;Black old movie hot.;True seek decision fine baby common necessary.;2023-12-08;8
209;Physical behind all.;Whom perform per model make street. Mention speech state data.;2021-05-11;7
210;Responsibility.;Board professional couple with size guess.;2022-02-20;4
211;Season second on.;Information lay of. Chair but half. Stuff if increase side take shoulder.;2023-11-15;6
212;Majority.;Central seat out. Late loss wife follow even.;2022-05-15;1
213;Opportunity able.;Happen analysis author product unit much. Box go body unit.;2020-03-17;7
214;Case security free.;First through player year process age.;2021-08-02;10
215;House job eight.;Sometimes agency born decide case quite she.;2022-03-23;9
216;Feeling whole land.;Democrat population himself subject. Perhaps surface bad political child.;2022-09-26;8
217;Politics which.;Summer each husband indeed. After question ground his.;2024-02-22;1
218;Main later finally.;Worry he contain institution reason degree. Face maintain police nor.;2022-11-25;10
219;Eight pass many.;Above either agreement couple south general management.;2024-03-02;10
220;Safe dog wish.;Benefit as deal sense. Ability network tell hundred door face large.;2021-11-14;5
221;Hand of itself.;Activity picture home from shoulder. Across under cause action manage event.;2021-04-15;7
222;Respond edge.;Human reduce change prove large. Friend industry news important decision.;2021-09-04;5
223;Here doctor maybe.;Professional section century book prevent she.;2022-01-11;3
224;Project find.;Action together nice true. Always record program. Final difference stand up.;2023-03-12;9
225;Specific several.;Watch guy audience employee thank. Manager audience ask head.;2022-05-01;1
226;Common note product.;Professional these professional control.;2022-06-02;2
227;Modern be explain.;Statement including blue voice friend past.;2023-07-14;3
228;Science professor.;Four just break could quickly line approach. About so difficult which.;2020-02-21;4
229;Explain world.;Case example once concern choose memory side.;2023-01-05;1
230;Result exist.;Give road thought scientist station.;2020-06-06;7
231;Face six affect.;Usually industry feel air. Same success feeling away great heavy threat.;2021-10-16;3
232;Wait involve rise.;Manage station nothing choice attorney size. Control look send too pull.;2022-06-27;5
233;Star citizen often.;Create character very cold quickly bring without.;2022-11-09;0
234;Range pretty free.;When assume address analysis. Thank lose matter large lose.;2022-03-05;5
235;Half marriage work.;Economy stand receive there discussion water series.;2022-08-10;4
236;Present among down.;Letter add charge class hope. Happy case simple data part fish behavior.;2023-06-06;4
237;You difficult offer.;Federal also mouth part few cover run. Hot contain bag rather significant last.;2023-03-02;9
238;Avoid create.;Control future question work well moment.;2020-01-18;8
239;Increase history.;Miss back performance result my together industry next.;2023-03-07;1
240;Summer sit beat.;Company increase project last yeah manage start plan.;2022-08-10;2
241;House possible real.;Oil until notice analysis seat wind protect drug.;2021-09-14;8
242;Clear require.;Bank subject others ever role.;2021-04-17;2
243;Beyond if feeling.;Pull staff pressure executive bring live.;2022-06-15;1
244;To trade yard well.;Data color movement let contain. Hundred eye guy time.;2020-02-11;3
245;Would certain.;Claim music forget issue think course hot. Bring why candidate likely least.;2020-10-07;9
246;American war.;Raise rate us green. Scene raise trade ahead reduce notice.;2023-05-13;8
247;Current spring.;Point price spend discuss me. Prevent debate event open staff item.;2021-03-23;1
248;Financial feel.;Race why form simply bar human answer raise.;2020-08-10;10
249;Wide third soon his.;Any sport rise think parent ask outside hundred.;2023-01-21;10
250;Hard until on those.;Poor simply unit realize leader meet. Product however culture assume.;2023-10-15;8
251;Open health air.;Young truth amount national third child start. Unit many spring vote whole.;2021-08-28;4
252;Shake offer.;See meet on surface. Light early teach shoulder big politics.;2023-03-18;9
253;Organization treat.;Name option career both section house. Possible trouble five talk.;2022-10-27;3
254;Month travel.;Quickly professor participant want my your. Daughter front city.;2021-06-07;8
255;Month go artist.;Consumer speak feeling action executive Democrat hold face.;2020-07-25;6
256;Positive bar.;Relationship top building yourself.;2023-07-22;8
257;Level continue.;Green reduce American history current member wonder.;2023-05-25;4
258;Yard expert set.;Bag break meet. Wonder ready little special always growth.;2021-04-20;3
259;Evidence news.;International continue available data hard. Pay enter hundred anyone.;2021-01-31;7
260;Its physical.;Make dream animal Republican should.;2022-03-22;5
261;Under position.;Tend region than current eye western.;2022-12-01;3
262;Glass from when.;Us her tough record yourself personal.;2021-09-10;6
263;Girl arrive study.;Chance cultural sell budget gun stock first. Environmental work no cultural.;2021-03-05;6
264;Investment create.;Drop send lose make support true election pattern.;2020-12-26;4
265;Particular official.;Man north themselves prepare reduce west rather. Kid message action help style.;2020-04-11;5
266;TV image claim you.;Else series yes his culture first. College respond nor region lot dog his.;2020-03-15;3
267;Expert beautiful.;Evening range medical kitchen student accept mission.;2023-02-19;0
268;Condition building.;Improve three senior they. Friend such item bill they as follow rate.;2023-07-17;8
269;Across style able.;Teacher responsibility happen medical quality bit.;2022-01-01;6
270;Blood look public.;Tree lay floor fund sell. Best size positive where interview.;2023-04-18;10
271;Growth receive star.;Year million go detail. Analysis country number agreement seat personal.;2024-01-06;8
272;Consumer network.;Always apply cause program difficult. Reflect guy director he stand should.;2021-01-25;5
273;Camera choice.;Idea type free economy while.;2021-10-02;9
274;Remain possible.;Look industry food no. Site nearly common executive wish.;2024-02-05;4
275;Provide full school.;War much south manage. Range employee discussion.;2021-06-19;4
276;Heart degree region.;Station dog floor your possible bring. Food speech truth.;2020-04-04;2
277;Police argue their.;Figure several little same yet as. Design professional within call around.;2022-06-05;7
278;Though friend.;Call report specific thought. Clear customer break. Join serious simply.;2022-03-07;10
279;Author guess teach.;Picture number commercial eight whole begin government little.;2021-09-20;9
280;Play minute maybe.;Prove recently region experience government participant short.;2021-03-17;6
281;Response TV someone.;Around west alone firm card. Television cold focus common upon chance life.;2023-02-17;7
282;Own government care.;Sit floor because study camera. Really election green focus visit.;2023-08-19;1
283;Sometimes building.;Door meet age back my threat especially. Other by day improve.;2022-09-21;0
284;Place top pass want.;Information skin mouth thing. Concern scientist western street.;2022-08-25;9
285;Area feel total.;Space into evidence. Price or explain movement certainly though.;2024-01-21;0
286;Walk down three.;Exist animal environment final head impact gun. To sea realize table.;2024-03-06;7
287;Shake attorney sell.;Realize player move picture nature bit town. Save agency point so road.;2021-03-24;4
288;Performance air.;Sure tax type bar. Let can report. Week avoid check seat science.;2024-02-02;10
289;Across popular nice.;Executive level audience bag. Billion own age audience focus protect student.;2021-04-06;5
290;Local anything age.;Great guess best. Together college site factor be media professor.;2021-05-08;2
291;Toward third.;Fight star finally with phone question nature.;2020-09-22;1
292;Paper our wonder.;Industry while moment. Hundred position war evening reality.;2024-03-05;10
293;Dog walk human.;Fall even single else subject surface positive.;2022-05-07;7
294;Camera everything.;Suddenly will so total may. Hot police important suddenly.;2021-07-25;1
295;Management no.;Unit style reach today carry.;2022-08-09;7
296;Information.;Beat their or let plant.;2023-03-22;7
297;Soldier surface.;Nice difficult rate behind news top future. Leader cold defense special.;2023-11-26;2
298;Take quickly that.;Page treat bar your employee. Rather magazine sit among stock occur offer.;2020-11-14;5
299;Ten behavior whole.;Far nature suddenly certainly simply try especially.;2021-06-06;10
300;Push system region.;Indeed generation responsibility purpose investment finally quite.;2023-02-26;5
301;Mrs too new firm.;Reveal doctor here authority. Little word article.;2022-10-15;7
302;Side bank perhaps.;Need dark another left do data change state.;2023-06-19;6
303;Among reach keep.;Too sea within else know fill wall.;2023-05-13;5
304;Instead draw not.;Audience themselves short daughter probably kind during.;2020-04-20;1
305;Not professor never.;Result for his event example. Management wind control learn.;2021-11-02;3
306;Second use land.;Indicate good effect heart power. Discussion make police large be spend.;2023-06-09;7
307;Yard through admit.;Increase out your read audience financial church often.;2022-01-28;7
308;Sure concern you.;Now around travel understand. Check about trouble care up.;2020-05-24;8
309;Person follow force.;Cause able election how along address. Opportunity look quite officer.;2023-11-20;10
310;Until again someone.;Amount article deal rate unit song. Weight require house energy.;2022-11-18;4
311;Provide statement.;Scene left blue really station direction. Least exactly but benefit.;2020-10-18;8
312;Way talk attention.;Claim official single process close similar.;2021-10-11;5
313;Myself office.;Yet nor response later market. Different key ball east against build.;2023-12-02;4
314;Military subject.;Money trade what example suffer. Something fact central until the trip.;2020-11-24;6
315;Blue discussion.;Fund must Mr strategy day. Financial interview must truth to oil.;2021-12-20;9
316;Wonder president.;President about skin. Into city throughout education.;2023-12-23;10
317;Hundred up enjoy.;Discover one shoulder. Act face list drive.;2021-10-23;1
318;Concern near site.;Fund discussion line treat several wear this single.;2022-10-15;6
319;Let quite job close.;Possible small party admit. Measure doctor above leg herself child.;2021-01-24;10
320;There he break.;Check economic less personal. Involve establish up Republican.;2022-04-18;0
321;Lawyer food air.;Speak another fear partner. Debate money discussion minute.;2022-08-15;7
322;Field risk north.;Future before contain four term become. Range down carry scientist beautiful.;2022-01-25;9
323;Billion of degree.;Same simple about nature. Young series now anyone nation miss again.;2020-05-16;8
324;Plan value buy face.;Over story lot war tend whose. Speak official forget determine.;2023-03-02;0
325;Here green camera.;Manager future any board. Information energy despite campaign.;2023-04-07;1
326;Use floor reflect.;People thought ask either allow dark. Official second require theory.;2021-07-26;2
327;Design decade news.;Face popular charge else believe technology.;2023-08-10;9
328;Yet window watch.;Couple guess me media here baby. Need style data television.;2022-08-17;4
329;Itself condition.;Sense might land world anything. Middle attack case. Outside answer him be.;2021-08-12;8
330;Reduce whole major.;Keep teach front yourself great. Ability sit by miss. Job anyone range concern.;2021-06-03;7
331;Nearly law perhaps.;Should language international institution rest paper hot turn.;2022-05-06;7
332;Eat might impact.;Friend act school. Lot school discover day.;2020-10-20;2
333;Least fight too.;Result west about air friend. Much which decision alone loss.;2021-09-10;1
334;Soon whom trial.;Development heavy coach. Serve crime believe amount moment.;2023-02-24;0
335;Get pattern check.;Deal agent spend play. Thank PM national assume make half concern.;2023-11-20;3
336;Indeed short.;Amount free ever stop product ball begin fly.;2021-07-20;7
337;Should month animal.;Soldier also language drop which.;2023-06-17;7
338;History read.;Stand admit data either technology me include theory.;2020-05-27;1
339;Within in yet.;Score against especially state above. Which happen field.;2020-12-02;5
340;Health significant.;Thank authority fire really. Focus win want same attorney dark they.;2023-03-15;3
341;Region reflect.;Follow focus past drop. Population food care cover. Call unit tree.;2021-06-24;9
342;Religious why.;Partner skin power free chair. Put report performance worry.;2022-06-04;7
343;Region number part.;Above talk reason assume letter head although.;2023-08-06;7
344;Project firm color.;Coach important stock state cut nearly raise.;2021-03-14;7
345;Capital often enjoy.;Discussion fish record pick.;2023-03-22;7
346;Must four admit.;Last operation agreement history leg interview.;2020-12-19;1
347;Foreign would bank.;Four picture air federal big my generation program.;2020-08-10;6
348;Very table oil.;Myself young fast meeting prove nearly.;2022-06-14;9
349;Cut source suffer.;Standard change national area reach dark degree ready.;2023-01-15;3
350;Everybody all.;Image would side film. Cold room today information condition build article guy.;2020-09-06;5
351;Same them identify.;Value break thing include again central man. Any part customer feeling.;2023-08-09;3
352;Before within turn.;Opportunity middle public body song draw.;2021-12-21;5
353;Build out if body.;Fund call your. Event morning green direction evening.;2022-01-30;0
354;Thing Mrs identify.;Window trial me although light throughout claim. Hour eye culture.;2021-05-17;9
355;Certainly give.;Total kind Mrs bill. Weight office care.;2020-07-13;5
356;See interest.;Get through far prevent her yet. Treatment great far for.;2021-09-15;3
357;Such whole call.;How theory country speech. Reduce clearly agency choice letter.;2021-05-15;2
358;Treatment pick.;Effect write prevent treatment. Subject bag remain about story.;2023-01-24;6
359;Word walk economic.;See mean listen party indeed radio effort. Full position measure tough side.;2023-03-28;7
360;Try discussion.;Someone least close eight nature. Lay school owner main value unit.;2020-04-14;4
361;Civil national.;Size return important future national then election.;2021-11-30;2
362;Might near.;Wife main allow. Official lead traditional. Social him forget phone.;2023-09-29;2
363;Bit skill issue.;Month ago whose in. Then technology read town adult. Movement laugh she.;2021-10-24;7
364;Never democratic.;Memory system suffer central ability start car develop.;2023-09-02;2
365;Gas teacher test.;Card environment prove fast peace after doctor.;2020-10-21;8
366;Focus third.;Experience heavy moment character mind appear.;2021-02-03;1
367;Movie too point.;Smile million play charge.;2021-04-19;8
368;Set month black.;Success store month assume realize recently state.;2023-08-18;7
369;Agreement community.;A maintain exist water film. Cover tonight whom they understand.;2021-08-08;1
370;Second leg society.;Treatment election responsibility specific. Seem account too building against.;2021-10-09;9
371;Wind success gun.;North manager may. Growth listen east section scientist necessary.;2024-02-16;4
372;Indeed star.;Claim full no so improve still. Receive half detail knowledge break out ready.;2022-10-29;1
373;Memory.;Writer week attorney apply five experience. From sound throw.;2023-06-27;10
374;First study.;Admit represent region similar night.;2020-05-04;2
375;Property difference.;Enter century bad our. Natural field girl purpose debate quite mention.;2023-03-18;0
376;What bag card alone.;Own sit this read especially for speech. Stop something build less.;2023-02-07;4
377;With identify.;Various rock image speech present color. Order special woman face analysis.;2022-08-12;9
378;Cultural hair know.;Law skill parent two stay. Fast act surface center usually.;2023-04-11;6
379;Send seat stuff.;Reveal prepare later cost degree. Loss sing present cause operation.;2020-07-09;9
380;Everybody lawyer.;Represent travel water feel daughter music. Street hit follow.;2020-03-20;7
381;Personal up church.;Tough eye loss wear. Cost environmental southern amount debate.;2020-05-30;1
382;Foot sea radio.;Report time raise with bad. Number student commercial enough century.;2024-03-03;9
383;Region a pull image.;Defense skin when shake so prepare. Wish wall learn safe concern.;2020-03-20;1
384;Political make dog.;Life employee day animal main affect raise.;2021-10-15;6
385;Off adult down.;Suggest nor media action major.;2023-01-01;3
386;Day poor price into.;Capital practice guess network guy. Budget side rest sound few back mind.;2021-09-08;4
387;Subject down.;Again science surface approach raise eight picture.;2022-06-20;4
388;Role wrong Mr.;Home class few number send society fire protect.;2020-10-12;3
389;Development police.;Send skill quality choose media. Lot science huge miss.;2021-01-10;4
390;Purpose pay ground.;Defense decade trouble tend get economic. Health society decision.;2022-11-11;0
391;Foreign until mind.;Former case let pick gun member.;2020-12-30;8
392;Together heavy left.;Throw perform report his strategy century. Itself low southern left against.;2022-11-10;7
393;Year quite term.;Book easy son today get factor. Health poor blood.;2020-10-24;3
394;Accept final give.;Star coach hold continue weight hospital forget. Nor politics middle fine.;2023-06-18;3
395;Prove continue.;Plant consumer news both campaign page bag.;2021-07-20;5
396;Down line wrong.;Man my accept mind point example. Cover film bed last.;2021-07-22;8
397;College keep off.;Raise adult eye majority. Where chair treatment.;2020-10-12;2
398;Individual rich.;Compare impact offer ability concern space result anyone.;2022-11-05;6
399;Southern class.;Place they cell long trial guy could. Example old social discover.;2021-11-14;7
400;Instead minute.;Consider simply city too. Personal people foot require address west free win.;2020-07-16;10
401;Whose five anything.;On growth as little all market outside. Nor local wife how.;2023-09-26;8
402;Reason property.;System even effect participant. Wonder plant cup stay thought friend.;2020-04-19;9
403;Me idea green.;Trade smile single attention behind subject view. Place rule player area.;2022-08-24;8
404;Sometimes walk race.;Party tree evidence certainly rock oil sit. Clear with method good have.;2023-01-16;9
405;Above loss admit.;Public best feel nothing vote company individual.;2020-06-24;8
406;Pass bit wonder eat.;Follow defense well TV job central. Keep win yet dinner science course.;2023-12-24;1
407;Scene bank unit.;Tree require truth behind effort then want. Grow child listen truth image.;2020-08-06;10
408;Later age stage.;Wait employee and shoulder report serve a.;2023-07-01;1
409;Rise chance tough.;Start anything thought drive produce paper.;2022-07-15;1
410;Development dinner.;Bring environment whole indeed box tell. Power final interview interest.;2021-04-28;0
411;Song meet evidence.;Language machine team. Fire rate magazine citizen. Week provide price present.;2022-11-30;6
412;Choose picture like.;Outside change treat too meeting career. Together own seat oil.;2023-11-13;9
413;Ahead sometimes.;Soon people indicate. First theory learn design quite former establish.;2021-03-02;2
414;Wrong forget church.;By little available job special reveal sing.;2023-12-19;4
415;Action reality day.;Forget manage upon ten. Care attorney they picture.;2021-10-07;10
416;Affect argue dark.;Company board nature real under. Relationship manager catch.;2021-12-26;10
417;Dream allow state.;Imagine blood before spring spend. West produce change full.;2020-09-15;8
418;Form open good.;Around morning talk draw. Human shake enter cold bag.;2023-10-27;5
419;Spring fall only.;Speak medical country anything raise home. Theory actually feeling right.;2021-04-11;4
420;Either know.;Easy rest thus store factor want film.;2024-01-04;7
421;Its police style.;Protect always with probably. Feeling good join agreement war newspaper.;2023-06-29;9
422;Also near method.;Learn central left. Group everything wonder he whatever.;2021-04-25;2
423;Past yes moment.;People fine middle find interest game act. Them hand life source less.;2020-10-12;9
424;Task fast rock any.;Color religious property red upon painting form. My stop quite keep cell fast.;2023-06-25;1
425;World at car.;Everyone purpose fall. Apply six realize section near forget.;2022-12-01;9
426;Cover sense.;Quickly field word through medical success fire mother.;2023-01-20;6
427;Responsibility.;Our best cover fish. Without key animal business mission add account across.;2021-01-18;3
428;Us director western.;Performance certainly shake. Government know drug.;2023-10-16;5
429;Through sure alone.;Require several would stand all board.;2024-01-20;9
430;Where little they.;Fall discuss ground situation. Building bank note son everyone want action.;2024-02-03;8
431;Join growth pull.;Particular prevent sometimes guy.;2022-09-14;8
432;Future trip rule.;Program list will forget company. Rise return how skill.;2021-05-31;10
433;Toward respond.;Include there sell lawyer particular pattern.;2021-08-04;10
434;Themselves would.;Actually glass company respond religious. Soldier goal season minute.;2022-10-11;6
435;Alone remember base.;Yet start design company movie. Painting wind kind American stay reason.;2022-11-05;8
436;Suggest tough later.;After right lose discover far nothing measure. Benefit painting according.;2022-10-19;9
437;Morning project.;Imagine laugh toward also set race others. Stage else win.;2020-12-27;10
438;Center paper.;Phone evidence again true.;2020-03-13;4
439;Clear under.;Loss people represent appear clearly music good most.;2021-06-02;0
440;Your cause front.;Coach statement store wind. Hold sure weight science manage bed.;2023-09-09;0
441;Step yet certainly.;Scene offer back hand. Improve three product somebody boy fight herself.;2022-11-16;5
442;Art Democrat step.;Third picture feel quality forward. Whole program pattern military effect.;2022-03-21;10
443;Reason since range.;Future check consider drive police. But fast front book make thought.;2023-07-07;2
444;Significant.;Which read others deal. Your first drop capital sound body.;2021-09-10;0
445;Perhaps east manage.;Prevent least open even. Point world difference not particular phone last.;2021-08-27;5
446;Seven this yes.;Money wind although week issue task. Within ability now range care.;2021-11-26;4
447;Animal institution.;Light personal may seem around born offer better. My others assume.;2022-07-28;2
448;Show indeed.;Daughter both price house six writer major scene. Doctor once crime actually.;2023-09-30;1
449;Claim cultural.;Be ready may everybody these meeting.;2023-03-30;8
450;Some arm.;Room smile indicate security film doctor line. Hotel see cut hundred issue.;2020-02-20;4
451;Choose special film.;Amount record affect risk week administration. Usually power card.;2022-02-05;5
452;Himself age how.;Century rock administration any. Few sense then.;2022-01-25;7
453;Continue anything.;Tell behavior interview law. Read different despite thing wall.;2021-11-03;10
454;Up voice account.;Respond husband happy situation possible man region.;2021-01-21;4
455;Wonder else move.;West result us effort thought wife chair.;2021-05-23;9
456;News western happen.;Short whether oil public. Bit about special reach.;2024-03-15;3
457;Live response.;Ball southern lot former. Finish impact focus position cause single then.;2022-09-23;6
458;Economic tell.;Onto I individual edge somebody. Toward clearly suddenly face wife wife rule.;2020-06-02;7
459;Between good once.;Yeah history mother fly year firm. Class sister pattern man economy range.;2023-01-12;6
460;Reflect gas who.;Bill single policy federal design hard. International recently car baby.;2020-09-04;1
461;Focus ahead notice.;Economy bag reduce fall probably all born.;2021-09-01;1
462;Throughout staff.;Treat probably operation bring sense walk.;2020-10-20;3
463;Cultural indicate.;Officer term event open adult theory toward scene. Hot benefit stock customer.;2020-08-25;6
464;Behavior Mr nearly.;Serve care Democrat idea wonder avoid often. Only easy newspaper second.;2021-06-27;2
465;Population where.;Lose indeed sure. Teacher on for major people throughout stand.;2020-09-05;9
466;Data group perhaps.;Wind religious concern feeling direction likely.;2020-09-01;2
467;Fact pay computer.;Sense popular may explain card operation middle.;2024-02-20;1
468;Speech music fast.;Try left travel simply occur police.;2023-01-19;10
469;Democrat can head.;Get teacher arm sister. Ten according hand face mouth check job buy.;2020-05-29;0
470;Former into bill.;Put north former fast fine. Produce mind candidate mean Democrat affect one.;2023-06-13;1
471;Without seven white.;Benefit return personal threat affect investment old.;2022-02-13;5
472;Central certainly.;Too whose at usually wind race hundred environmental.;2020-09-28;0
473;Medical decide.;Check difference enter turn name front.;2024-03-12;9
474;Pass born over view.;Summer answer everybody Mr yet he. Lose miss above.;2023-12-21;4
475;Yes agree oil.;Both operation state few. Figure drive improve western.;2023-01-07;8
476;Only court speech.;Indeed four industry carry. Say charge couple affect bar.;2020-12-13;5
477;Television send.;Help check on. Day idea age account.;2022-10-29;0
478;Floor east learn.;Magazine report seven agent. Certainly plan mother subject where wear expert.;2024-01-25;8
479;Give someone.;Window view or fly late. Yourself enough news capital against set manage three.;2023-01-30;10
480;Win move guess.;Young town picture. First early operation television common.;2022-04-01;2
481;Result southern.;Appear onto second explain front popular. Bad art camera collection.;2020-01-26;5
482;Itself feel arrive.;Just reason who music station special. Keep official though these.;2020-09-29;8
483;Big prepare go ball.;Eye party different card. Design seat because lawyer player.;2023-11-03;2
484;Scientist five.;Spend source respond more off gun. Likely movement recent.;2023-09-03;10
485;Nice recently.;Future position protect then word.;2020-02-15;4
486;Listen million.;Last these especially individual shake significant specific source.;2023-05-02;7
487;Especially service.;Long soon boy surface. Carry he term size music specific.;2022-10-25;7
488;Area amount share.;End year religious reason surface order. Near small boy result.;2024-03-16;1
489;Force individual.;Agreement method staff. Show president east game.;2020-05-02;2
490;Simply capital.;Different outside coach program exist ago free.;2020-03-27;10
491;Art simply deal.;Phone summer attorney certain view. Business list need power eight.;2020-09-01;3
492;Develop west.;Best my state political. Model debate year government say model amount.;2023-11-05;9
493;Finally own.;Knowledge least investment. Agreement although born something rise.;2022-11-02;10
494;Must college never.;Hit me create. Record wonder study water trial.;2022-11-16;3
495;Do agreement.;Everything relate between doctor sell. Happen American produce yet country.;2020-08-16;1
496;Physical.;Physical arm boy mouth state. Involve stay short hit maybe level family wish.;2023-12-16;1
497;Your apply.;Federal be somebody little put thought sign. Bed but help wall tell.;2022-09-18;5
498;TV finish TV debate.;Pass stock quickly food year even site. Every admit office specific fund.;2023-01-27;10
499;Finally yeah.;Nothing strategy local suffer fall head church.;2023-04-20;7
500;Town involve film.;Seek theory green group. Window someone fact statement hotel.;2022-07-30;9
