1;zellis@example.com;_X!7J1Cl15;user
2;lisa19@example.com;*Ri5YdM*V+;admin
3;morgansusan@example.net;j4Zwm4tf*v;admin
4;phillip22@example.org;Uh8+(X29Q&;user
5;amygarcia@example.net;y!8IVzs#U+;admin
6;hayesjames@example.org;aOGB^4UpSF;admin
7;robin31@example.org;^7m2MbQC0@;user
8;bryansweeney@example.org;2(7EBcoRLq;user
9;greerkatherine@example.com;*SjOgmE1Y4;user
10;jrobinson@example.net;!46QYKHb!W;admin
11;carla86@example.net;Os7EUDtK)7;admin
12;elizabeth08@example.org;#!zDXIp$5$;admin
13;cannonmonique@example.com;!*ZMN!dD4n;user
14;catherinerojas@example.net;$6VW*)@gt6;user
15;rpeters@example.org;RE5QJfxdp@;user
16;richjasmine@example.com;NE6U(Og%)m;admin
17;foxjeffrey@example.com;S*u7!jKdEp;admin
18;qnelson@example.org;DN3YWTDx_f;admin
19;nancy86@example.net;@3EUIurAsX;user
20;davisraymond@example.org;+0Z)onho^^;admin
21;laurenhall@example.net;SA+0O&ww&c;admin
22;david04@example.org;*Y2h)OXdIf;user
23;clester@example.org;%gG0rZsun_;user
24;williamsmatthew@example.net;&3oW#e67av;admin
25;velasquezeric@example.org;)1IbOhAxl4;user
26;vanessaelliott@example.org;dC2(8BEz)c;user
27;douglasesparza@example.com;_9y2#V5@rF;user
28;henry56@example.org;f5eDDKcv!8;user
29;dmontoya@example.net;$6$EW6(q5%;user
30;michelleallen@example.org;9ERhX8h1@_;admin
31;rlewis@example.org;s!5wBUi7nm;user
32;abbotttristan@example.com;LB7ITrMf&7;admin
33;brianvaughn@example.com;*t@51VEyta;admin
34;samanthaking@example.com;6c3Psn(l#@;admin
35;matthew46@example.com;C2S&mKxc)G;admin
36;sthompson@example.com;e%@07XZzE&;admin
37;wendymyers@example.org;b@i4fDOo!E;admin
38;cory65@example.net;y803Lryc@p;admin
39;diana49@example.net;*V6ma0Cs)#;admin
40;james46@example.com;vP*GEecI&3;admin
41;hannah55@example.net;4R%9jSuumJ;user
42;sclark@example.org;(pP3mONW45;admin
43;matthewstevens@example.com;&YSHK4sNu2;admin
44;jeffrey85@example.com;6_+2^DdjaW;user
45;robinbolton@example.org;$5Qg7fLI&2;user
46;anthony45@example.org;CpBqFY53^2;user
47;calderondylan@example.org;!EIyWUuxu1;admin
48;ddelgado@example.com;@I8bUlaoh@;admin
49;jose54@example.net;Oz@47gGx_G;user
50;latoya32@example.org;t!4_X9ck$7;admin
51;tracilang@example.net;%0BsfPiPON;admin
52;valenciacathy@example.net;82JPSp!g!6;admin
53;sarcher@example.net;aYWCzObM#2;admin
54;margaret42@example.com;62*ItQP6(y;admin
55;bonniedavies@example.com;)2(TXctd*u;admin
56;omartinez@example.net;gb0X^GEo$_;user
57;gcardenas@example.com;V+3byNtyiF;user
58;melissa44@example.net;HKC@lu0p%0;admin
59;smithmichael@example.com;i4zwzCBt!d;admin
60;scottrichard@example.net;J)D0i9F#ur;user
61;bmiller@example.net;5_y0TRckmH;admin
62;miranda23@example.com;*r(1+bZfAz;user
63;jonesalan@example.com;&MEYsutE3b;user
64;brian40@example.org;kdBu9!_t_1;user
65;rogercurry@example.net;)X3Efqaf3#;user
66;javier36@example.net;P$9MZK1eGO;user
67;curtis52@example.net;K)a9ZIbWpa;user
68;michaelwalker@example.org;9MqNQs(m_J;admin
69;jamesjackson@example.net;)cpjU+PHD3;admin
70;nroberson@example.com;(^7+C6lmS@;user
71;jennifer31@example.net;U^s8MWlFmS;user
72;jonesbrian@example.com;C_O9XAR45x;admin
73;alexandralewis@example.org;(5bWvLSx0q;user
74;craigpaul@example.com;3f7AcV_r&J;admin
75;watsonhaley@example.net;S*J@X3Nf@R;user
76;lukewilson@example.org;rc379SVmS%;admin
77;omaxwell@example.org;T08*PJUs)#;user
78;larryjones@example.com;*189fBuNuB;user
79;davismichelle@example.net;($8N)Mo&!t;user
80;julie64@example.org;9J&VeDiw^a;user
81;smithjay@example.com;R*P6Js5mm@;admin
82;tammy60@example.com;3nChx@pG+7;admin
83;christiancatherine@example.com;y+g9BPuLS^;admin
84;heatherroy@example.org;v$9Plijl@P;admin
85;uwallace@example.net;)_9UPuwkca;admin
86;timothy09@example.org;n8jDjSF7^4;admin
87;jill72@example.org;_3C^fAjvdi;admin
88;comptoneric@example.net;+5tkCy4y&o;user
89;susanreed@example.com;tr0ZC7&*V$;admin
90;lramirez@example.net;nK9Ns9t7_r;user
91;zvasquez@example.net;_4Wz3Zfia0;admin
92;antoniogoodman@example.net;TP#lK4Lg8H;admin
93;vdavis@example.org;AXD!4TqM$!;user
94;amy00@example.com;%jHl1kRjtM;user
95;deborahsims@example.com;D6P^2eXkt9;admin
96;jeffreyedwards@example.org;_49Xxr)HWY;admin
97;singletondawn@example.com;L_9R*DSjCC;user
98;payneshannon@example.com;4Q53Uwc2*8;user
99;janet23@example.net;C_f4UeAhD+;user
100;shawnbrown@example.org;6tfw&H^7_i;user
101;daniel45@example.com;+&9uwODv^R;user
102;taylorthomas@example.org;lzP3z!dC$4;admin
103;eowens@example.com;SZj0HpXzp(;admin
104;dean68@example.com;_#3(vZSkoW;admin
105;dparker@example.com;(0EVZe@_AY;admin
106;owenamanda@example.org;wH$6Wz0npx;admin
107;bschmidt@example.net;r#Hgx9Lq9(;admin
108;beltrantim@example.com;(8TWLSfuUn;admin
109;sheila60@example.net;$L*6Nwzkk#;admin
110;breannamontoya@example.com;$tIG%yAKL1;user
111;stewarttyler@example.org;@3bg)DUog$;admin
112;aliciarios@example.net;q0(IYvDD*2;admin
113;jimwright@example.org;T)^G3NTq!j;user
114;anthonyfrancis@example.org;us8AXwxH@1;user
115;sharon34@example.net;CgWeiqbg^8;admin
116;meganburton@example.net;pU7TzfR3k#;admin
117;martinezwillie@example.com;X^q$2Dsnj&;admin
118;melaniebird@example.com;4UU0Bnp1_Z;user
119;shannonmeyers@example.org;Lt9+X(lQ+s;user
120;patricia05@example.org;g*2WifUtq7;admin
121;romerobernard@example.com;kY$37Yohsd;admin
122;acardenas@example.com;!9YWqtdo2g;user
123;mccarthymaria@example.org;c_^8O3dGiu;user
124;cjackson@example.com;9y^5yQrHOv;user
125;mark49@example.net;%4YBCfJy3n;user
126;epena@example.com;!fl2R)tn)7;user
127;olopez@example.org;i0K&+ulp)H;admin
128;gillespiemiranda@example.com;(2rY^Rz61s;user
129;franklinkelly@example.net;_t4(FoIdL%;admin
130;bedwards@example.net;uF!2_XVtGn;admin
131;lisa24@example.net;w%2CWTimOx;admin
132;cbaird@example.com;#4YV1KfD)B;admin
133;aaron67@example.net;Mi(b9Fvr1);user
134;antoniobrown@example.com;(8EBpZ7+AA;user
135;marcus99@example.org;nB5p$Ckl@);user
136;jamesanderson@example.com;t3J5ixKx!$;user
137;howedaniel@example.com;+wmw*N6!9U;user
138;christina24@example.org;+R9^ZjOm$5;user
139;amandamorgan@example.com;e+g9uXvwV0;admin
140;brookecastillo@example.net;rRd&9!JzgD;user
141;kevin30@example.net;2D&0)G@uG&;admin
142;toddphillips@example.com;16*d5Emo7&;user
143;wwatkins@example.net;Uw(2UISlLm;user
144;medinaana@example.com;&m7IqKd)kN;user
145;jackwiley@example.org;x&6rD!Kxyu;user
146;lori29@example.org;uKvl9TNzY#;admin
147;moonkathryn@example.com;u(X6Hh6u8D;user
148;rickypatton@example.org;9)7HWWx_$U;user
149;marshallyvonne@example.net;!8uR6f$86U;user
150;john57@example.org;Te+R%pWv&4;admin
151;courtneyjohnston@example.com;#75^8KWmcC;user
152;qrowe@example.org;FM%w1UVaFn;user
153;jenningsjulie@example.org;l1jE*H@u&n;admin
154;stokesjoseph@example.net;_nF9QpHZ*R;user
155;moorescott@example.org;v%3+Dlldn^;user
156;mark61@example.org;3@rerJyq)T;user
157;williamsanita@example.net;m6kZ6Ny6%h;admin
158;chris58@example.com;r!h4%WgBib;admin
159;chelseaperez@example.org;UVBTdiq9*6;admin
160;rhonda24@example.com;%S2f0AGj9W;admin
161;lisarodriguez@example.com;@fp5A0wJ7G;user
162;spencergonzalez@example.net;Oru1R9js#^;admin
163;williamsaudrey@example.net;_1&JHUY&cI;admin
164;michelle17@example.org;d6FZ3QSw_v;user
165;codyhayes@example.com;$#B2FPAkZN;user
166;jeremiah18@example.net;!1A6Su4P@D;user
167;stephanieliu@example.net;^@Dc2JrH57;user
168;charlotte17@example.org;$h(3Ku(1tg;admin
169;jamessmith@example.com;!i5#)Z*kzr;user
170;kimberlymercado@example.com;&h0K((mfoF;admin
171;cathyanderson@example.org;@MQk25$v1i;user
172;gkelly@example.org;$Y2V8lqvap;admin
173;ladams@example.net;&u&UtqcT(5;user
174;kathy59@example.com;#jSBDf2x5^;admin
175;hmurray@example.org;y#^y9WrO%_;admin
176;jenningsrichard@example.net;Q@z6tMMjNH;user
177;hallleslie@example.net;Q%32)JZqy!;admin
178;ksmall@example.org;t)5KoYpboe;admin
179;dcook@example.com;(8JF5ySx8T;user
180;matthew94@example.com;wnYC84Zg1&;admin
181;kelleybonnie@example.org;dty6YZhDe!;admin
182;michaeljones@example.org;&02QNKwu$0;user
183;moorecarol@example.net;@dB*eDtNv0;user
184;mirandarobertson@example.com;4kC6LcaR+4;admin
185;burnsjoshua@example.com;_7fCXU@gx3;admin
186;ysnyder@example.org;c)Dx6S$qii;admin
187;taylor91@example.com;2JWHzD3x)c;admin
188;micheledennis@example.net;%RS!@xhO2F;admin
189;karendavis@example.net;QqH05fWg&5;user
190;huntjacqueline@example.com;+V%K7rMbd9;user
191;ohood@example.org;zVSSLweA)1;admin
192;nancy79@example.org;!)EW4&Mhc3;admin
193;ksullivan@example.org;jI5LnTEmb);user
194;ocarr@example.com;M%K6jBoHD_;user
195;qmurphy@example.org;)MfCZInN7*;admin
196;snyderkristen@example.net;i^yOX6Ntox;user
197;yjackson@example.org;twyLDmfr*9;admin
198;josephgriffin@example.com;oD5BnQXJ&9;user
199;elizabeth47@example.net;P8_JJ$Nb#2;admin
200;wilsonheather@example.net;gm25Unp0&j;user
201;patrickcobb@example.net;^m5ReYEEV4;user
202;alewis@example.net;#6wPhf7rOD;admin
203;lori54@example.org;iA2CEKiNO_;admin
204;gregorybarnett@example.org;+TN1UEEup_;admin
205;uterry@example.org;mF2wQ!Db0%;user
206;ginaowens@example.org;ivd9yNzb^0;user
207;marysalinas@example.net;^2wGPNg&2N;admin
208;crystalhumphrey@example.net;@9Gra4u0wp;user
209;larry82@example.org;&7Renn%b@B;admin
210;sheila75@example.org;_fCQfH+uW5;user
211;ericksoncourtney@example.com;!49UWkDesl;user
212;denise37@example.com;bLXHn6Lw(6;user
213;brettsmith@example.net;J_dnF6tlgO;user
214;wmoore@example.com;s5G_!YQe*8;user
215;philipdixon@example.net;uPC9lbMz!3;admin
216;jonathan54@example.com;@5JZQ&hNPQ;admin
217;zyork@example.org;$46508Sl+K;admin
218;iwalker@example.net;Ik#F8+Wzw@;user
219;kristiriley@example.net;_86Qo(@Rkz;user
220;owilliams@example.net;)w@k7Bfo_T;user
221;davidreese@example.org;%pJNd1FD$6;user
222;ericberger@example.org;r)T8GMeCqz;user
223;mark46@example.net;)8YWhiioMb;user
224;mclark@example.com;A*10XHkfU3;admin
225;michele07@example.net;X6i^TyTO#u;user
226;jessica10@example.com;n(8DDGbz$c;user
227;danielle11@example.net;b1kyhO7u&K;user
228;linda55@example.com;$4iV2sSFxD;user
229;qhodge@example.com;$1qVwk(y+S;admin
230;boonecorey@example.org;Tk%5xFK*g&;user
231;fernandezrenee@example.org;&b4%Y#eLRf;user
232;tgordon@example.net;+pY2zn@X)1;admin
233;kevinlong@example.com;)d1Enx436(;user
234;vjohnson@example.org;%8U1PivW)N;user
235;christophercampbell@example.com;pNl3(Tk#0@;user
236;cross@example.org;3Mp6FtaYK*;user
237;daniel25@example.net;(4lQfbHVsc;admin
238;bturner@example.org;k9crSpaP!n;admin
239;xclark@example.org;$hGU&grbm8;user
240;karenhenry@example.com;@8V1_RKeHW;user
241;amyfinley@example.com;&S2TL)ct$8;user
242;bmorse@example.org;$lOH9fPhHR;user
243;dgray@example.org;7oWMD)1s&(;user
244;tony28@example.org;NP)*S1Lznh;admin
245;roberto90@example.org;7VGHw4Bk+@;admin
246;elizabeth61@example.org;sM2VZau2_+;user
247;heathercooper@example.org;mEBloHok+4;admin
248;brownkenneth@example.org;*frNlLd4I6;user
249;jphillips@example.net;@B*t4NrzBf;user
250;loweryjacob@example.org;@_+AU7KdjZ;user
251;karen59@example.org;W%i1CUZiN@;admin
252;timothy70@example.com;dP88Ql+F%W;admin
253;fkennedy@example.org;!#22NiuBVo;user
254;brittany21@example.org;_tI6QN+e9K;user
255;travis43@example.org;3tiBi(G7*Y;user
256;halljuan@example.org;a_5bEUe7A!;user
257;samuel89@example.org;K9SvbxrI(U;admin
258;richard45@example.com;oB6xY)f81*;user
259;fieldsbilly@example.org;s3TVusMb&N;admin
260;awilkins@example.org;*555CeEktT;user
261;hudsonnathan@example.net;&3+TyYj8Xo;user
262;nreyes@example.org;_WZC4Nepn^;admin
263;klewis@example.net;*5*MldzRK3;admin
264;harrisonmary@example.com;Fo)8Ktac%D;user
265;cynthiafleming@example.net;Bn1k4K7Fc%;admin
266;timothy53@example.org;&VyeQIuz&0;admin
267;wgonzalez@example.org;v)jW5BNV1d;user
268;amanda21@example.net;ef86KYec)8;user
269;bakerbrian@example.org;8U@b0GsP8q;user
270;brianwood@example.org;7H(4BTuvEi;admin
271;zgilbert@example.com;xA1WS#jn#+;user
272;leahandrews@example.net;vMZliJop%5;user
273;james61@example.org;0PABzqaC_Y;admin
274;caseymariah@example.net;$^&w8OWcPY;admin
275;arianabenitez@example.com;3c3LJ9hP_7;user
276;lhall@example.com;s3c1xLbW*w;admin
277;vbass@example.org;C*&y9YcpVy;user
278;mirandatiffany@example.net;h1ZNt2C##^;admin
279;loricolon@example.net;*3P3fv&bX4;admin
280;smithshannon@example.org;l$3Dtt2dc+;admin
281;teresa87@example.org;i9(L8**y&5;user
282;turnerrebecca@example.com;YI4DdRpx(8;user
283;mconner@example.net;+l1x7Vzqga;user
284;tony97@example.net;_KLV9JUs*7;user
285;rogersdouglas@example.org;4(W8RFgkI@;user
286;chananthony@example.org;#lI1Dhdtr*;user
287;qcombs@example.net;_p(HyKOyK8;user
288;lynchwilliam@example.com;*(7uPLbyWz;user
289;bguzman@example.com;Q90C*SyTY&;admin
290;ajackson@example.net;l6^It#gO&S;user
291;david02@example.org;%3kA7Rl#hZ;admin
292;steven59@example.net;!nj_Cvey*5;user
293;ymiller@example.org;U3M3+OEo(i;user
294;fordbrandi@example.org;*pUEAHEc2r;admin
295;kristiemorales@example.net;+b&%+9Yo6t;user
296;xking@example.org;9NN!SReS*0;user
297;kjohnson@example.net;j1gMx&Wz*4;user
298;kpacheco@example.com;+T%A$qk!%2;admin
299;jared49@example.org;az0WYhkaS!;user
300;rollinssheryl@example.net;ocOfG3ug%8;admin
301;timothyholden@example.org;cOkYLro@%6;admin
302;amber54@example.com;3!4DuUy__*;admin
303;henrybrown@example.org;XfBk2y9p+0;user
304;jonathan91@example.com;#w4Ju5#Ak3;admin
305;melanie65@example.com;1)0R$CXoIw;user
306;wallsbrandon@example.com;459Y&xHs(c;admin
307;brobinson@example.org;P4B_6iXi_K;user
308;simpsonamy@example.com;f3FZ6sEJ@D;admin
309;scott43@example.com;NBzSOYrx^9;admin
310;mallen@example.org;O)4Dc&ejza;admin
311;lwilliams@example.com;S8j4IM$y#1;admin
312;hpark@example.org;*7gX%EqVYs;user
313;ericaguerrero@example.com;A1JYEX&k%X;user
314;dnewman@example.net;QVMg5Gic@V;user
315;carterjonathan@example.net;9_9OIxLP(i;user
316;gsanchez@example.com;P+h1QQmBsV;admin
317;jonestammy@example.net;)n8yvYVej5;user
318;lingram@example.net;^z347ULjTs;user
319;gkelley@example.net;#s7SEg2A_U;user
320;todd40@example.org;L(1dzjOple;user
321;housegary@example.org;@A7(JIdW%W;user
322;veronica54@example.com;*8HSSfYJu#;admin
323;abigaillindsey@example.net;b+2YOO3SMk;user
324;leeanthony@example.net;9YT9XRyl*S;admin
325;andersonnathaniel@example.net;1(8oGUeJqX;admin
326;shunt@example.net;_f6P!PhF!);user
327;christina01@example.com;Ah4IUtIx@1;user
328;cmcguire@example.org;!qGaJKFP0c;user
329;andrew63@example.net;$4b_AcDj5G;user
330;smithjermaine@example.com;N#3^)JrF7h;user
331;jbrown@example.org;J%44F7(zp^;user
332;lindamyers@example.org;)6nsz6Krl#;user
333;patkinson@example.org;xA()QJk&(7;admin
334;mhayes@example.net;D(l5CJzkz8;admin
335;dbrown@example.net;S8qIPg$q^7;admin
336;alejandro48@example.net;V6JgOiq_^i;user
337;xneal@example.net;1Q@nHY6n!x;admin
338;josephacevedo@example.org;*v08rY2s6%;user
339;sorozco@example.com;)ZaY_HxT8l;user
340;forddanielle@example.net;zLjrTxcF$1;admin
341;brightricardo@example.com;s%29EFy@yl;admin
342;hestercarlos@example.org;%rh5otGmxP;user
343;hhodge@example.org;arPVcemn%7;user
344;matthewnunez@example.net;(KKTu%ZL0k;admin
345;ryannorton@example.net;gE8KIcmf%$;admin
346;andrewreynolds@example.com;MYLWfs0O#1;admin
347;william15@example.net;r2R*q%xk)F;admin
348;heathjared@example.com;8944ZHhR$H;user
349;klittle@example.net;bG5pWvuQ&D;admin
350;tyler23@example.org;@35JgVib4(;user
351;richard95@example.org;(5Ovs_gSR9;user
352;lunaangela@example.net;_6%9QMsT)b;user
353;aaronparsons@example.net;y3VfkF4k!(;admin
354;qboyd@example.net;2!EA@ajv&Y;admin
355;jason00@example.org;CLm74QtIE%;user
356;carrie61@example.org;f3GwzDPD_2;user
357;nicole64@example.net;O%+J55LkVK;admin
358;raymax@example.net;@4C8DWrc@a;user
359;psantiago@example.com;(VDh#Qcj9N;user
360;vickieconrad@example.com;NpV#I6TeZv;user
361;vwilson@example.com;M$Z9nKT0Jj;admin
362;melanie77@example.net;*6Y!6Sx$qT;admin
363;charles10@example.com;x4+7BKMp!S;user
364;rrojas@example.com;gJzatV_v@8;admin
365;rvillarreal@example.net;Z%$$5VyKk(;admin
366;williamslynn@example.com;e4Z7U%u0#6;user
367;davidramirez@example.net;0(J2sL7lhg;admin
368;ureynolds@example.net;e_kp94Om%m;admin
369;mcampbell@example.net;#L1Rr#hQZ9;admin
370;bruce32@example.net;T9#c5Oq*Jp;user
371;joy93@example.org;_@3IXu@y0*;admin
372;hartchristopher@example.com;#8NwBst8r6;user
373;gerald64@example.net;ZAnRkAlt#1;admin
374;david73@example.org;^EF%(3Oq%r;user
375;mario68@example.com;iu*2bRajS&;admin
376;smithheather@example.com;$t8EU0zCNG;user
377;davidbrown@example.net;@SELwGz!H8;user
378;lewisashley@example.net;s6mk9IGy#c;user
379;dyeredward@example.net;r+662Csfru;admin
380;duffyjared@example.org;+($7Z0Eb)l;user
381;tiffanyhampton@example.org;v%7#D@uSg+;user
382;shannonyoung@example.org;&5SG6fpf%P;admin
383;christopher74@example.net;^L4LjN#D)4;user
384;wendy33@example.com;+F6YS0j*+O;admin
385;simmonsrobert@example.net;_6R7yIfL%1;admin
386;janetdavis@example.com;1kAEelYj+2;user
387;zharrell@example.org;hN+0Gyhp93;user
388;david66@example.net;(3NRF1cW7^;admin
389;robertsnatalie@example.net;%9CR(^e9+0;user
390;monicathomas@example.org;qd0IAi%@%M;user
391;christopher94@example.org;vu1fH4(@X+;admin
392;colleen48@example.net;NaqUfzf(&7;admin
393;akelly@example.com;%@(&g6D)@m;user
394;washingtonstacie@example.net;^0NSo)h5@k;user
395;alexander56@example.org;Rv$*NblH#0;user
396;rgarcia@example.com;1heF6Scw%P;admin
397;solismitchell@example.net;(W8MOMl223;admin
398;burnettfrancisco@example.org;5C%u#5Avl_;admin
399;martinbrian@example.com;)^CjiCR$v2;admin
400;tracyconway@example.net;r^n1LbmXo!;admin
401;shannon22@example.com;l42UdJvW&E;user
402;pcrosby@example.com;*ILg_4pdw$;user
403;bakerallison@example.net;D7Xn5Riy_Y;admin
404;cynthiahogan@example.net;K!9REeUVGt;admin
405;charleswilliams@example.org;#8TIMYknp@;admin
406;halljason@example.com;8zLGuC#l&L;admin
407;warddanielle@example.com;o0ElL#Sm(k;user
408;waltonsteven@example.net;^ofYQ)Nr&1;admin
409;jmorrison@example.com;SJeg6XFe2+;admin
410;cmorse@example.com;+u)6t%Rog!;admin
411;reyesmelanie@example.org;#*P75PrE7z;admin
412;lisamuel@example.org;erRPJ6ZsD!;admin
413;oelliott@example.com;&2WNp4xI65;user
414;autumn86@example.net;(@6DscTRC&;admin
415;elizabethray@example.org;6xI6j5Ln(_;admin
416;george65@example.net;^A1CBEQaj5;user
417;uwright@example.net;#7V!WpcPR$;user
418;sluna@example.net;(i0FS+hyuD;user
419;rachel07@example.net;Z@2D41PuQ2;user
420;kjones@example.org;#mJ@TDbx1u;admin
421;brian22@example.net;)ZV4j4)3C3;user
422;hamiltonmichelle@example.org;Pt&o7Mp*E@;user
423;donnatownsend@example.org;k^k0BfylFC;user
424;fisherpatricia@example.net;!v1XrNnd3A;user
425;smorrison@example.net;n+S3HYdpyy;admin
426;ghill@example.com;f0O$vjSf(1;admin
427;weissangela@example.org;_01!#RU@Ln;admin
428;ybrown@example.com;Zr4Pd$#x(2;user
429;fsmith@example.com;$PlSCcv98I;user
430;michelleortiz@example.org;_POE5WPy&B;user
431;michelelang@example.com;Kf0v9KvW&6;admin
432;crystal54@example.com;AP4UBqu5T!;user
433;loriscott@example.org;^w2LfKUg+P;user
434;veronicareyes@example.net;a68!0iOy#A;admin
435;walkerstacey@example.net;ReWo*fQM!1;admin
436;christopher85@example.net;6$@9Rze%yv;user
437;ilove@example.org;_4LmOy(nau;admin
438;penagary@example.net;PL7!BW7hI@;admin
439;christopherrich@example.org;DBa052Ek(3;user
440;oflores@example.net;H_K%94DotF;user
441;bryan@example.org;$JBfFEdsc4;user
442;cassandraballard@example.com;K5kvItDy&(;admin
443;reynoldschad@example.net;q32*ADhyQ#;admin
444;wardvicki@example.com;T2(7dQ!h3r;admin
445;madisonmartin@example.com;npa5KV0cD+;admin
446;james05@example.org;+aUVZKnzp8;admin
447;russellfields@example.net;+$F!5seLh4;user
448;alexander78@example.com;^*83@Ta!U*;user
449;hjones@example.net;$GVUrJxz*1;user
450;catherine84@example.net;cs_2eO_sZ8;admin
451;mercertiffany@example.org;D_3Qu3MWP_;admin
452;leblancjesus@example.com;4PwP$iAc)t;admin
453;paul01@example.com;0jC7YKXR@9;admin
454;craig75@example.org;p!3+hMfAAH;admin
455;pattersonryan@example.net;(2bZ8Qh(i8;user
456;dsimpson@example.net;&b84mHn+h_;user
457;aprilrobertson@example.org;_rHQiJvq4J;admin
458;huynhjoshua@example.net;6ANVLmrg)&;user
459;cassidy45@example.com;^6)_9vWdNS;admin
460;kristina07@example.net;@L8!rNdm5Q;user
461;cameron79@example.com;#4Po_Ebf)0;user
462;joshuahall@example.org;(*2AV)sgAe;user
463;zkeller@example.org;+9PFTDa5$V;user
464;kathyharrison@example.org;%DfAJhLQ8@;user
465;nicholasford@example.com;@jm1mLjMiT;user
466;robert56@example.com;@neT1Dn^M1;user
467;scott44@example.com;DS154nodU#;user
468;dylanjensen@example.org;9G$856Aw&$;user
469;cmooney@example.org;%1M5J9aY#^;admin
470;wshepherd@example.com;_8Ibr0q3V0;admin
471;kellywilliams@example.com;Q41_NKuK!X;user
472;jacobanderson@example.com;@s#Px(^1b8;user
473;matthew67@example.net;00@zDeZv#@;admin
474;btaylor@example.org;mRo9yK3t$v;admin
475;ndillon@example.com;w78V$kmi#Z;user
476;nathanmorales@example.com;4u$9dNUjLD;user
477;danieltaylor@example.net;%SBZ1jqOL8;admin
478;morganchristopher@example.net;*$l8Oieg&T;user
479;vickiereid@example.com;LV%0E$5pE@;user
480;ijackson@example.org;!&CpylqM1L;user
481;aruiz@example.org;!XJbJ7Mh&1;admin
482;reneereeves@example.net;)6Qx%arEy8;user
483;tammy40@example.org;S^l2fLpU3r;admin
484;sdixon@example.com;+#Uajoio5W;user
485;ofreeman@example.org;)nc!alOwZ6;user
486;rosserin@example.org;Rb6Js5wj$!;user
487;kyle82@example.net;#iO%6SuJ*8;admin
488;lwhite@example.net;xVFrjTpk%7;admin
489;irwinmaureen@example.com;dz4g0T2l$V;admin
490;ewilkinson@example.com;q$L4c)XaXM;user
491;jessejordan@example.net;7mV3yV2n_u;user
492;josephdavidson@example.org;^1IMMtpi#8;user
493;amandaguerra@example.com;Kvk8nJzEp$;user
494;karenanderson@example.net;)q5Luj%i$l;admin
495;olivia14@example.net;@TK8Uo$m^I;admin
496;rnorris@example.org;@7G(LXcBUy;admin
497;linda14@example.net;&@Yv1GDll5;admin
498;progers@example.com;ayW3SUY1S@;user
499;natalie50@example.net;aJ^R7Sl)wE;user
500;bonniefarley@example.com;l)k!TnwK%1;admin
501;cynthiavillarreal@example.com;_@SDRdMr2+;admin
502;aaron14@example.org;b^R9B%CoSY;user
503;lopezscott@example.net;qv00Fobfh(;user
504;burkeashley@example.net;%xY)zA6xA8;admin
505;robertmorse@example.net;q0g3RvOD&j;admin
506;nathaniel64@example.com;N4Am#K$t(o;admin
507;jjohnson@example.net;S5r51Ow$i#;admin
508;juliewatson@example.net;4)U6A0JffV;admin
509;charlene74@example.org;h0cQAxca&(;user
510;kendra71@example.org;)d5BJ*ae8i;admin
511;keith82@example.net;&!T3IZQlpJ;admin
512;yellis@example.net;^72RCmBft4;user
513;serranoalan@example.com;u3DMeOb*^a;user
514;melanie77@example.org;(ub09wYuyT;user
515;cynthia50@example.net;(7XFNj%#74;admin
516;lisastrong@example.net;RWs212Oo_n;admin
517;hortonpatrick@example.org;&uBJgkl(!3;admin
518;melissacampbell@example.com;^sGZ(vJIO8;user
519;gabriel03@example.com;rm#64DPsn+;user
520;leonard22@example.net;DrjXgYMt$9;user
521;qanderson@example.com;g@K#c2GzLL;admin
522;kellyford@example.net;_7nEE5pjuG;admin
523;gregmoreno@example.org;7pq!Tc*a%2;user
524;mmartinez@example.net;!0XnDsx@*b;user
525;nicholasanderson@example.net;v@B4$)KpQo;user
526;denisebishop@example.com;_l7b1P9z+!;user
527;vking@example.net;&(J0ElJD3f;user
528;lisa83@example.com;Qj2RxxIb(7;user
529;anita72@example.org;W$3Xvur0X);admin
530;johnmorrison@example.com;8s9^LekO_E;user
531;douglas42@example.com;mFG5eB&go+;admin
532;zavaladaniel@example.com;v1B$Fpg3(f;user
533;ronald30@example.net;%yrJg@TY_0;admin
534;okelly@example.net;28lM4t6a(Z;user
535;johnmurray@example.com;40$0YWSdbQ;admin
536;balljason@example.com;fVnAKW3h*8;user
537;cheryl41@example.com;550KpDnh%L;user
538;blackburnbryan@example.com;q_3hubHm&A;admin
539;williamhardy@example.com;8uQbW!kq+J;user
540;lynnandrew@example.org;u@7J^izQ8n;user
541;craigbrown@example.org;@B@H7&uv6L;user
542;terri63@example.net;tG7DKj(u^N;user
543;christinegardner@example.org;%5bBLv&Lx);user
544;grivas@example.org;!03RyPbei*;user
545;ddouglas@example.net;(R3kO&%Yk2;user
546;taylorjesse@example.net;#x9)2eHg95;user
547;david90@example.net;6MOZqiaW#4;user
548;xbailey@example.org;%%KYzTq@(1;admin
549;ritajohnson@example.com;4x55YSLT*$;admin
550;kthomas@example.org;%6FyVH1yOZ;user
551;rebekah00@example.net;mjm@8PExS);user
552;pmyers@example.com;xhFL)1IeXG;admin
553;bennettariana@example.net;3*6U*GCiLg;admin
554;christina17@example.org;!E^5DV1i@o;user
555;francisjulie@example.org;z!3I1EImfK;admin
556;fmendoza@example.com;_UBgSlBt6*;user
557;rhodesanthony@example.com;6w4Y@)p1@9;user
558;catherinegreer@example.com;UD4V_Vq4$M;admin
559;rachelhernandez@example.net;$C$1Saa^zm;user
560;sandra13@example.org;gDnb68cfb_;admin
561;mark66@example.org;V&J!$8PqaQ;user
562;jonesandrew@example.com;^7+hX1+d%2;user
563;kaiserjohn@example.net;p28XdNlm!s;admin
564;karacohen@example.com;&9@NIs!MRp;user
565;alexanderrose@example.com;)U)1B^orp5;user
566;nicole76@example.com;#3#VlbEW!f;user
567;melindamurray@example.org;%FvA!ltSq4;admin
568;dmunoz@example.org;5L+Ra9of%1;admin
569;kayla14@example.net;K(4FUminDU;admin
570;alexchan@example.com;7+xGi4ey^6;user
571;timothymaldonado@example.org;58ZxOzcU^7;user
572;drush@example.net;3pNu_9S1_R;user
573;nealjames@example.com;^KCPLH%c6N;admin
574;joshua35@example.com;v)mXx7ZjC3;user
575;thomas58@example.com;(0oXSrGo&4;admin
576;cabrerarobert@example.com;@K5cXorcFn;admin
577;john15@example.net;%RUfv6m6*5;admin
578;joshua02@example.org;Y9IEaQcc*i;user
579;dpetty@example.org;4+7jxThcAX;user
580;cameronhaynes@example.net;pc0DUKP8#_;admin
581;martindavid@example.com;%2%J0Fs722;admin
582;perryjoseph@example.org;Fg7bGZwzI#;user
583;jacksonraymond@example.net;R_3a6VKfT7;admin
584;garrettdonna@example.net;)W4RwkwfTz;admin
585;carlosrios@example.com;&i(*@5TgXp;admin
586;uphillips@example.org;$2VtpCsTF#;user
587;zholmes@example.net;eW8qfUa#s*;admin
588;vrobbins@example.com;*3QLwnsdCh;admin
589;james85@example.com;i710*Wjp#);user
590;annnavarro@example.org;(4J6uBjm13;user
591;moyeralexandra@example.com;)7)J#fLdr^;user
592;benderdavid@example.org;&jPXgY%Zw7;admin
593;brenda99@example.org;oa@5DT+y!g;admin
594;alyssasampson@example.com;G$9WKp^0@b;admin
595;briannagross@example.org;#QaPXS3c97;admin
596;udunn@example.org;+7mvU3Youa;admin
597;rbuchanan@example.net;URZk1tCe!2;admin
598;moorejennifer@example.net;n^0Uf!6xJS;user
599;mstrickland@example.org;#@#RLJTyG1;admin
600;mccormickjennifer@example.org;ZAakClis!7;user
601;pwu@example.com;v5KVDpn&(w;user
602;bperez@example.com;+&3d*IWpQI;admin
603;jon77@example.com;55mIwPUi%B;admin
604;baileysteven@example.net;uspNagVa(5;user
605;pricedana@example.net;0Ww*Qkiq%q;admin
606;knapprichard@example.org;&2nYkkx4+M;admin
607;smithdana@example.net;B+R90Hwk*6;user
608;hlee@example.com;!s#L1fUeA5;user
609;erin93@example.org;Pit0sR3@%(;user
610;knightjessica@example.com;@X3zMJv9lf;admin
611;morrowalexandria@example.org;J@!0RuVj#5;user
612;crystalmorgan@example.org;#yCEzDif$5;admin
613;yshort@example.org;xI%2hOn5la;user
614;audreyrollins@example.net;Dc_0ISagC_;user
615;wwalters@example.org;07^YPz7g^f;admin
616;keith25@example.net;+_tG!zEZq6;admin
617;hillshawn@example.org;$uI5QQoq@$;admin
618;navarrolisa@example.com;^^G@lxYa26;user
619;ihill@example.com;Ho0ZqqLS1!;admin
620;ephillips@example.net;N8QYSd2$(g;admin
621;krististone@example.net;8iYx7&*v#1;user
622;zhanson@example.net;ol5IKr0m^y;user
623;bjohnson@example.net;_$Qz3MfPrh;admin
624;martinjoshua@example.net;tK3^hNTov_;user
625;bsims@example.org;S)1u8Xpiph;admin
626;vpennington@example.net;!15nDZyqG+;admin
627;melaniewest@example.net;^4JM@2rka&;admin
628;ocarroll@example.org;w#_x90NmeW;admin
629;mcmahonmichael@example.net;^HJU6z1V*1;admin
630;heidismith@example.org;5_oaOlbp+n;admin
631;eugenelawrence@example.org;KX)6UoOmX&;user
632;smithgeoffrey@example.org;24HtlJa8#&;user
633;smithnathan@example.com;$f8XXav7X+;user
634;andersonfelicia@example.org;@hJ&Q^OtY7;user
635;nicholaspittman@example.org;ZKkCnz#p^0;admin
636;raymondjennifer@example.net;G@PY55QOom;user
637;daviddavis@example.net;)@9EUtXvQY;admin
638;santiagobenjamin@example.org;@R1FDPh#z9;user
639;rebecca47@example.org;U+2!CTmr@x;admin
640;robert11@example.com;2S4Nlsi3l);user
641;sullivanregina@example.com;*6OgY!KfL6;admin
642;nicholsmelissa@example.net;A!31t0rT1U;user
643;wardchristina@example.net;92LyeFLo%8;admin
644;ricecarlos@example.org;&SqHnl_M(6;user
645;rodney04@example.net;g#g9Vk*Rx);user
646;edwardhunt@example.com;hM8R4y!d@T;admin
647;riveraandrea@example.org;NR$6APSp3z;admin
648;agilmore@example.org;p_(5NUCqaA;user
649;johndelacruz@example.com;+uxHMwyp)1;admin
650;jerryanderson@example.org;70MjWu+r($;admin
651;michelle77@example.org;^3MX+R%GtG;admin
652;raymond53@example.com;@z#VpbrTh4;user
653;james23@example.net;dH7Cjhzt3!;admin
654;christopher51@example.com;Rm4eFH4b__;user
655;deborahbeck@example.org;I5G0KgkT^o;admin
656;vlloyd@example.com;ah3AMp&^q(;user
657;clarkmary@example.org;x!3JkTnp*s;admin
658;rachelprince@example.com;z(c9Y#YyrF;user
659;kayla54@example.com;^8LpPyd^Vm;admin
660;jason77@example.com;_dVpRVPA(5;admin
661;robertastone@example.com;$0UPJcu299;user
662;davidthompson@example.com;*3rV1!0oOY;user
663;williamsedwin@example.com;_8Bt&sf*2M;admin
664;igonzales@example.org;q7E)PJq$#r;user
665;stephanie07@example.com;urJR2GbH^y;admin
666;imartinez@example.org;dR5dPaso*!;user
667;qli@example.com;DJ6goKc#@8;admin
668;larryrobinson@example.net;FCWf&a^q_4;user
669;littlesusan@example.com;n6*!7QSpzg;user
670;vernonjenkins@example.org;(SEK#Sbv51;admin
671;tiffanytaylor@example.net;%wXRGfnk%5;admin
672;barbara28@example.org;#UO3vZqa)0;admin
673;pattersonstephanie@example.com;&YUov&VEA0;user
674;cory80@example.net;9gXcS&i@!$;user
675;wangterry@example.net;dqpe1S(w(z;admin
676;allenkathy@example.net;g7utQMVj!8;admin
677;scottdaniel@example.com;ip!2OfTsEO;admin
678;ruth99@example.com;jIJ2f8Gx#2;user
679;gmedina@example.net;15YK^&Zu(3;user
680;brianfoster@example.org;z5liqXBy!s;admin
681;allenerin@example.net;&U2OnfTt&4;admin
682;matthew12@example.com;#2OJXec8KH;user
683;aadams@example.com;b@NZHiug$0;user
684;rodriguezgregory@example.com;sn0DD1uv+2;admin
685;thomasmelissa@example.org;2mnHSy&%^5;admin
686;derrick98@example.com;h$07u5eqFZ;user
687;megan32@example.com;0PjKwXz@^q;user
688;robert48@example.com;vAdoMKFi+1;user
689;ppacheco@example.com;Bi3pSasG4@;user
690;colemanjohn@example.org;(8h70Mxyqd;admin
691;samantha87@example.org;G36R@Wbx)^;user
692;gmann@example.com;MA5pYLuo%9;user
693;robert24@example.net;*rV0SGUqL7;user
694;mannkyle@example.org;_0OE9eK)gD;user
695;browncassie@example.org;fu7LJKzxf^;user
696;marthaanderson@example.com;#)P5KPA&ly;user
697;martinezdouglas@example.com;^RPP44d*q2;user
698;nathanhart@example.org;+0p$gNcApm;user
699;ashleyperez@example.net;&BD4MXi2VJ;admin
700;thompsonjames@example.com;_$d5)XimeR;user
701;justinsimmons@example.org;&VAC5TuDM3;admin
702;careystephanie@example.org;_aDNcuCg11;user
703;mary25@example.net;*a3Pi@Evf+;user
704;hurstpaula@example.com;I6MLBcpw#e;admin
705;katherine41@example.org;ZG+*8fsvB#;admin
706;henrybruce@example.net;ySn+2M&a#T;user
707;kellyrobinson@example.net;6$$6*bp7pF;user
708;adamturner@example.com;(BNXsBnBO9;user
709;christinasharp@example.org;%%vAq4QeuH;admin
710;margaret80@example.com;c(6kBc3v*1;admin
711;margaret28@example.com;_uPBMHn*t6;user
712;colemanlisa@example.org;!O76X(Fs6j;admin
713;elliotttracy@example.com;a9!qUiKZ%e;admin
714;harveydavid@example.com;1$9%Q+l!o2;user
715;duncandavid@example.net;)mCMk!_g8x;admin
716;omaldonado@example.net;$oOKqJ@w+5;admin
717;richardsonlisa@example.com;&O3zJ%Hh@(;user
718;kristy97@example.com;_tYS8tktk1;admin
719;nashchristopher@example.org;#c0O%smf9*;admin
720;jeffrey07@example.com;@3fupDDi8r;user
721;gomezmary@example.org;^&P3AWKiyU;admin
722;rubiodana@example.com;gTAq2_Yp_5;user
723;gabriel44@example.com;3miZnCw3#z;user
724;kelligarcia@example.com;!UWxJVP1a1;user
725;lunanancy@example.org;7m*$J5Tx$t;user
726;joyce33@example.org;J8ZOva$$%!;user
727;sloanbrian@example.com;$vHD$RyjV3;user
728;simpsondavid@example.net;(h4L+iLB0q;admin
729;juliemiller@example.com;bW*E4Zuu+5;admin
730;elizabeth25@example.net;h^b49Rlu@l;user
731;mario88@example.net;#k4JkvpB%0;user
732;agarcia@example.net;M(461E)cp7;admin
733;amandagreene@example.org;_f1k(XtZ+);admin
734;briansanchez@example.org;HIx$4B9fO#;admin
735;cperry@example.com;YU_9h4ZfCp;user
736;lorrainemoses@example.net;m6__E083&Z;admin
737;wsmith@example.net;5b#$O1Tr5M;admin
738;douglaswright@example.com;@1LIJbqch!;admin
739;sherrera@example.org;N%6aOt4sw$;user
740;erin96@example.org;h(1RiqsA4X;admin
741;tpeters@example.org;#E@JQ_VSr7;admin
742;manuel04@example.com;gU54KigO!F;user
743;kimberly88@example.com;^#54LtQVhP;user
744;jenny39@example.com;Hm9Bv@EiO%;user
745;robertskenneth@example.com;@4fFSYQGRx;admin
746;gmartinez@example.org;&0mK(pCnhl;user
747;nicolejackson@example.net;s$HEo4ZqWo;admin
748;ebarrett@example.com;_7ZImUHU90;admin
749;jessicaanderson@example.org;*z4GJ@B7G_;admin
750;kellyjennifer@example.org;MR%S6An7Jx;admin
751;cannonmichael@example.net;IWN_8Aqe^y;user
752;jessewallace@example.net;F3HIdr7O)*;admin
753;michelle40@example.net;)3y7MAnyq0;user
754;nwhitehead@example.org;4Z^5KWontQ;user
755;vcross@example.org;%*R67Nkv@n;admin
756;rwang@example.com;e_f6*SyVBq;admin
757;hammondaaron@example.net;)#bd3Ct!Sr;admin
758;edwardlittle@example.org;E%91oNMdOp;user
759;anthony95@example.org;+mHRp8^QC8;user
760;clairerobertson@example.com;VQ4^u&Fq+*;user
761;murrayashley@example.net;)23Fuf@iD);user
762;byrdsara@example.com;)X(%85XrzE;admin
763;fphillips@example.com;y4PVyvAp+a;admin
764;jimmysmith@example.net;rJ!L3OczWl;user
765;nelsonkaren@example.org;&%0i8SBw!G;user
766;warnerkenneth@example.org;o!@_0XiU%8;user
767;tara28@example.com;u5ZmRdek#T;admin
768;sarah11@example.org;$@*AY3Nq65;user
769;zwilson@example.net;9v^fRlm7_2;admin
770;ronald18@example.com;0@0Pv&Vl6l;admin
771;bondsean@example.com;U_R5V1GvWS;admin
772;rodriguezcatherine@example.net;#8Bo%rHS!n;admin
773;aaguirre@example.com;k^7S@eDIur;user
774;mlane@example.net;!Ag1kG^v#C;admin
775;wgonzales@example.net;(@DzZkjmL8;admin
776;wongcassandra@example.com;*34nL#iPF*;user
777;xmartinez@example.net;m*3BX4ofVJ;admin
778;stevenarias@example.net;_5j7F8_a$3;admin
779;rmiller@example.org;2@%T2I1j!4;user
780;meganpennington@example.net;*gX#0XpagI;admin
781;ikelly@example.com;39C6ZyH5*G;admin
782;matthewwoods@example.net;@lRO$1Ej6Y;user
783;jefffrye@example.net;p*Gc2SqF&%;admin
784;butlerjuan@example.com;qv5Y_)bl(@;admin
785;shawnbarry@example.net;!zSQOPHn2U;user
786;willie44@example.com;*IF)VYujS0;user
787;traceyrobertson@example.com;w*d5ETufpy;user
788;robertlopez@example.org;mR!3B0sU#2;user
789;jeremy50@example.com;5)EGty01#+;admin
790;deckerashley@example.net;!pQgDzUB3t;admin
791;qcook@example.org;!NwLF&#mI8;user
792;pearsonbarbara@example.org;$2AnaczElc;admin
793;pacebrad@example.net;pV&Llsj1!8;admin
794;chambersmackenzie@example.com;^PLzq^nht4;user
795;moralesdavid@example.net;8(jX1GOaST;admin
796;sleonard@example.net;(&MFV2t#*C;user
797;davidmurillo@example.org;nDQlQDoG$5;user
798;veronicarice@example.org;0&4Fg7uF+X;admin
799;jesse69@example.com;P+4CDlht1t;user
800;brianparsons@example.org;y+JS&3Br$X;admin
801;patrickhall@example.com;UjtNr0Av%&;user
802;smithvictoria@example.net;k48yO*1f$^;user
803;stephengarcia@example.org;a$ho27X!Sp;user
804;zjones@example.net;_^uqI7Uro(;admin
805;gperez@example.org;p%LT39RiOR;admin
806;morenomichael@example.net;vko!0Ub2r(;admin
807;stephaniewalker@example.org;3qX2UXQPa^;admin
808;rodriguezlori@example.com;((ZLFNjru0;admin
809;trevormcdaniel@example.com;F(c2Md@w_Z;user
810;walkershirley@example.org;8hFgkrQu^F;admin
811;ramostimothy@example.com;a2XRRh4i^Z;user
812;justin15@example.net;7E(L7KHv)w;admin
813;davidperry@example.org;o37giQH@*i;user
814;lmatthews@example.org;)SLCc0z@l6;user
815;gbeck@example.net;n@7ZnCc08X;admin
816;shane88@example.net;@3IBARugS9;admin
817;jeffreyhatfield@example.net;nu0IN9tua@;user
818;selenajohnson@example.org;@V8JTkpn%N;user
819;lewistravis@example.net;)Z4Fbnl)!Q;user
820;gallegosrandall@example.net;HRhKuXEn+0;user
821;lauramcintyre@example.com;%OpHPwEb+5;user
822;chelsea58@example.com;Ho6MJhq7$F;admin
823;walkerheather@example.com;kH5BLvbA1(;admin
824;jwalters@example.net;42t97LmT!!;admin
825;veronica56@example.org;OR4DgZdR@!;admin
826;qbonilla@example.org;PI9NJ*&wJ);user
827;wellis@example.net;*4Plis4CK4;user
828;ythomas@example.net;XWZFxp7f%3;admin
829;robert12@example.net;e4_VfBzJ)R;user
830;urivera@example.org;pTgqnTqc_1;user
831;mullinsshawn@example.com;l^!9mVvnq0;user
832;willie46@example.net;U$p4Pmm#zb;user
833;qgomez@example.net;(p4eLltx34;admin
834;jenniferbyrd@example.net;ZYsm7Ane8*;user
835;brian43@example.net;024S(B&bb^;admin
836;elizabeth29@example.com;!06kbwfKSI;user
837;jeremy05@example.net;sN(W(3IimI;admin
838;mwood@example.com;*m0$Nwpiv@;admin
839;carriehoward@example.com;9S8FZa)4^t;user
840;ashleywhitaker@example.org;g4AgIN*a_0;admin
841;paigeayala@example.com;4s6y8BHhq^;user
842;singhdaniel@example.org;)N3HJKPfOA;user
843;hpeterson@example.net;D!m7KO$cgU;admin
844;nbradshaw@example.net;+954vD(zVA;admin
845;timothybutler@example.net;MkPsNase%0;admin
846;whitekyle@example.net;C!1KFACoYK;admin
847;darren26@example.net;mNE^yBoh!5;user
848;robertsjeffery@example.com;tf3UGzCY!d;user
849;elizabeth49@example.net;iJtgO2Vq#q;user
850;mcneilbarbara@example.org;$0Nz)NiPM9;admin
851;david90@example.org;#!VWd6wiZ2;admin
852;williamsjacob@example.com;m%5BN+at1W;admin
853;alexandra70@example.org;sN0X$UxS+_;admin
854;cmorris@example.com;2N4)TB8v%8;admin
855;mburch@example.org;q+I6HhuMOk;user
856;griffinmichelle@example.org;25iCjsSA#4;user
857;xgonzales@example.com;ZFQ0QCPj(&;admin
858;egarcia@example.org;97x@AMab$m;user
859;robertsbrittany@example.com;Q5RwJ&Ng@q;user
860;shawn22@example.net;$y0Dzn+y#9;admin
861;plittle@example.net;fRV7*CAdf@;admin
862;barkermichael@example.org;E)a02QQtEN;admin
863;zunigabenjamin@example.net;Nl#28Pfb#e;user
864;chloewilliamson@example.org;E@#7@Vz&s%;admin
865;michaelwalker@example.net;d@9Dkkqfm$;admin
866;patricia70@example.net;y2oPo5a3+#;user
867;timothy12@example.org;jfq0EHNkr&;admin
868;calebherrera@example.net;27h6BVwu&2;admin
869;bclements@example.org;iG3MD+j3J!;user
870;allisoncameron@example.net;FE6*yCwk#%;admin
871;kellyortiz@example.net;53jSsiMl%1;user
872;damonmcbride@example.org;Kz1QtKuj%B;user
873;gmartinez@example.com;!u6fW7aPzr;admin
874;kristina98@example.org;&7%OQ@7M!v;admin
875;andrewsdaniel@example.org;3EM^4Axi&3;user
876;laurensingh@example.org;T0F!8Z^m^p;admin
877;nfuentes@example.org;^i27D^Kvg);admin
878;fullercaleb@example.com;7&8@Lz_ds(;admin
879;burnssamantha@example.com;%m1B^1fhm0;admin
880;bbell@example.net;DiVM4Srhg%;admin
881;tcastillo@example.com;!4ZWulbk#@;admin
882;greg68@example.net;Y_w025Op#c;user
883;fosterjohn@example.org;Q@6ULFQD6z;admin
884;brendagordon@example.org;(SwMJOIm)6;user
885;william83@example.org;*QU5Ij+RO+;user
886;torreseric@example.org;*DT3Uko!u4;admin
887;michaelnunez@example.org;2GzR&vUe&B;user
888;scottlewis@example.net;UBQ9CegnP+;admin
889;fwong@example.net;pvK7Aya3!!;user
890;cmeyers@example.org;)4eCU!0m1D;user
891;theresapeters@example.net;9gJqmN^F^2;admin
892;ahutchinson@example.net;&UVEIoxi4s;admin
893;oliviascott@example.org;No^X1JpY&9;user
894;hweber@example.com;$8Bb+)mnRk;admin
895;zwilliamson@example.org;x4^2C9qe#E;user
896;jasonrobinson@example.org;&3ZYhIZQX&;user
897;batkinson@example.org;%btZKDHaM6;user
898;taylorgaines@example.net;O+*3(KIkK);user
899;jeremy36@example.net;v8K^02HZ^y;admin
900;jcarter@example.net;MQ59jttm%5;user
901;gmills@example.net;*f)9CBXd*&;admin
902;qhenson@example.com;#P3Rv_LqP&;admin
903;pamelaharris@example.org;F4@3e1To7C;admin
904;patrickkaiser@example.com;+4U9OByaBN;user
905;hudsonnicholas@example.com;)7XEm9oo&Y;user
906;tlewis@example.org;+DjvtClr(8;admin
907;devon82@example.net;49XW773y#l;user
908;plong@example.com;eUmU4caU!9;admin
909;bowmanelizabeth@example.org;z(3IiRYxe!;user
910;brownmark@example.org;_Na+3YgmR3;user
911;lwright@example.net;bwT8rRBB$7;user
912;patrickmiles@example.com;)0A*$poy^F;admin
913;perezemily@example.org;*CU^7AskbF;admin
914;spencer05@example.com;m@4YDDcDP#;user
915;rhenderson@example.org;j1zRsMM5(q;user
916;nichole66@example.org;#4mH4hin5c;admin
917;cunninghamrodney@example.net;c5Ni68IuU);admin
918;rmorris@example.net;mL46Ceai$!;user
919;dyersteven@example.net;kWPZX0Ox^0;user
920;tylerstafford@example.com;ywou58RRk$;user
921;travis07@example.org;a1UFrFTr#q;user
922;glenn07@example.net;^8kvBWSxeY;admin
923;iwolf@example.net;F!C6Hyzk$Z;user
924;carlsontravis@example.org;wU9Syo^t%9;user
925;charleswhite@example.net;I4RMhn_A@*;user
926;suttonwilliam@example.net;@66IYDEl$b;admin
927;danielsutton@example.org;^%x6WwEwnP;admin
928;paynematthew@example.com;*hd0PsaA0c;user
929;hhensley@example.org;v751EiRrJ$;user
930;nathangarner@example.org;)w&AVqPSy6;user
931;curtis70@example.net;MQ4lWD5e(8;admin
932;emeyers@example.org;rN5PNZyYy+;user
933;graywesley@example.org;_JN#eiUda7;user
934;christopher08@example.com;)5E6Zid$S%;admin
935;tzamora@example.org;_0V$gKA74v;admin
936;mcgeemallory@example.net;6iQ_hphg(4;admin
937;pmedina@example.com;Id6v+5Kpb*;user
938;andrea59@example.net;^t7SoJIwaL;user
939;briannajones@example.com;)b)Vu#F18H;user
940;tcampbell@example.org;s@3t0Ipj^5;admin
941;mikedavis@example.org;DhCLzPiu&0;admin
942;sandersrobert@example.org;a(TyU@co!5;admin
943;burtonbrian@example.com;!3W6Mv^zeL;user
944;tsmith@example.com;@lPUq2CH06;user
945;karameyer@example.org;#4lHiprv2!;admin
946;vgraham@example.com;bn!7nBjsPz;admin
947;colleenevans@example.com;E*9LDHMg6v;user
948;hwilkinson@example.org;4x_1E6Ne+v;admin
949;shawn45@example.org;!wh8Rwsm@Y;user
950;jasonjuarez@example.org;39YY0CJm^w;user
951;carterchristopher@example.com;#MxAUx$F87;user
952;richardselizabeth@example.net;j01lMmo%*);admin
953;wrightbailey@example.net;&v3dOije93;user
954;fhernandez@example.com;!l969GF8B2;admin
955;oking@example.org;)N9Lo_p3IK;user
956;jimmymarshall@example.net;1&!j1I+z1s;admin
957;kaitlin73@example.org;$9j06JzrM*;user
958;thomas09@example.com;!31WQmgmnP;user
959;bakerjanet@example.org;*k2aPQc!F1;admin
960;awarren@example.net;VO9FRysI&3;admin
961;wchapman@example.net;1N@HZysU_t;user
962;jimpena@example.com;J5WGxA%d(9;user
963;darren68@example.net;&65GjLVsa);admin
964;woodhunter@example.com;l$I&9Lhi5f;user
965;crystaldavis@example.net;T8A4A6ag+Y;admin
966;gomezsandra@example.net;8s376Tax^S;admin
967;fredericksnyder@example.net;8WV0KSrS&c;admin
968;robert23@example.org;9x2xnZXa*t;user
969;rubenmccormick@example.com;ey38LDj$@C;admin
970;michaellewis@example.org;@7810GbY)B;user
971;psmith@example.net;@*4CPbQc(e;user
972;tsnyder@example.net;dR35JRxu*2;admin
973;bcase@example.org;8O%zyVFg(V;admin
974;curtis27@example.org;Dq3NwE)p$T;user
975;areyes@example.net;$0e7SZXx4p;admin
976;evansaustin@example.net;10PSGWaf%r;admin
977;webbjulie@example.org;^0skFN+zrI;user
978;diana47@example.com;q^4HAGEq3);admin
979;justingonzalez@example.org;vZB^7N4is#;admin
980;matthew34@example.org;4_k7UW3$nx;admin
981;qmcgrath@example.net;5JAEv0gJ*9;user
982;cassandrabrown@example.org;)s0%VxSw@y;user
983;erikcoleman@example.com;g!j75Vgq)7;admin
984;nancycruz@example.net;@Jk5Bn_$gg;user
985;santoscheryl@example.org;0tJ8D%ow9$;user
986;spenceramanda@example.org;wNMbY6+h#4;user
987;larry00@example.net;42kH6ydc&);user
988;jennifer17@example.org;V4630N(m)U;user
989;jefferygonzalez@example.com;Q#4Bw#2vnx;user
990;valerie59@example.org;+AWk6MswR);admin
991;skelley@example.com;@k9tZk9(C&;admin
992;ortiznicholas@example.com;cN0Oiqa*C(;admin
993;amysharp@example.net;(1)LQkIjY7;user
994;john74@example.net;)53@G&Inci;admin
995;amy60@example.com;g%6SY4mpw+;admin
996;joe55@example.com;C$4)bWmO0i;admin
997;amanda54@example.com;&4NfD#dc0*;user
998;christopher63@example.org;T!5SPLvlU7;admin
999;weeksjoseph@example.net;XL70AZNgL#;admin
1000;cookellen@example.com;G@SoNmL#%7;user
